"sample_id","reads","body_site","subject"
"L3S341",1853,"right palm","subject-1"
"L3S313",1994,"right palm","subject-1"
"L3S242",2055,"right palm","subject-1"
"L3S360",2084,"right palm","subject-1"
"L3S378",2146,"right palm","subject-2"
"L3S294",2317,"right palm","subject-1"
"L5S155",2491,"tongue","subject-1"
"L5S240",2665,"tongue","subject-2"
"L5S174",2792,"tongue","subject-1"
"L5S203",3037,"tongue","subject-1"
"L5S222",3390,"tongue","subject-1"
"L5S104",3460,"tongue","subject-1"
"L2S309",3835,"left palm","subject-2"
"L2S357",6253,"left palm","subject-2"
"L2S204",7297,"left palm","subject-1"
"L1S257",8216,"gut","subject-2"
"L2S222",8386,"left palm","subject-1"
"L1S281",8904,"gut","subject-2"
"L2S155",9261,"left palm","subject-1"
"L2S382",9300,"left palm","subject-2"
"L6S68",9554,"tongue","subject-2"
"L1S140",9736,"gut","subject-2"
"L6S20",9775,"tongue","subject-2"
"L1S76",10100,"gut","subject-1"
"L2S175",10691,"left palm","subject-1"
"L6S93",11270,"tongue","subject-2"
"L1S208",11335,"gut","subject-2"
"L1S105",11340,"gut","subject-1"
"L1S57",11750,"gut","subject-1"
"L2S240",11986,"left palm","subject-2"
"L1S8",12386,"gut","subject-1"
"L4S112",16265,"right palm","subject-2"
"L4S63",17167,"right palm","subject-2"
"L4S137",18787,"right palm","subject-2"
