"sample_id","reads_in","reads_out","pct_kept","body_site"
"L2S309",3835,1549,40.4,"left palm"
"L2S357",6253,2526,40.4,"left palm"
"L2S222",8386,3485,41.6,"left palm"
"L2S175",10691,4545,42.5,"left palm"
"L2S240",11986,5183,43.2,"left palm"
"L2S155",9261,4112,44.4,"left palm"
"L2S382",9300,4279,46,"left palm"
"L2S204",7297,3378,46.3,"left palm"
"L3S242",2055,970,47.2,"right palm"
"L4S112",16265,8602,52.9,"right palm"
"L4S137",18787,10064,53.6,"right palm"
"L3S360",2084,1130,54.2,"right palm"
"L3S294",2317,1313,56.7,"right palm"
"L4S63",17167,10095,58.8,"right palm"
"L3S313",1994,1191,59.7,"right palm"
"L3S341",1853,1109,59.8,"right palm"
"L1S8",12386,7662,61.9,"gut"
"L3S378",2146,1357,63.2,"right palm"
"L6S68",9554,6169,64.6,"tongue"
"L5S104",3460,2253,65.1,"tongue"
"L6S93",11270,7483,66.4,"tongue"
"L5S240",2665,1817,68.2,"tongue"
"L5S203",3037,2132,70.2,"tongue"
"L5S174",2792,1969,70.5,"tongue"
"L6S20",9775,7086,72.5,"tongue"
"L5S155",2491,1827,73.3,"tongue"
"L5S222",3390,2555,75.4,"tongue"
"L1S105",11340,8571,75.6,"gut"
"L1S140",9736,7676,78.8,"gut"
"L1S57",11750,9298,79.1,"gut"
"L1S281",8904,7066,79.4,"gut"
"L1S257",8216,6705,81.6,"gut"
"L1S208",11335,9260,81.7,"gut"
"L1S76",10100,8394,83.1,"gut"
