"","L1S105","L1S140","L1S208","L1S257","L1S281","L1S57","L1S76","L1S8","L2S155","L2S175","L2S204","L2S222","L2S240","L2S309","L2S357","L2S382","L3S242","L3S294","L3S313","L3S341","L3S360","L3S378","L4S112","L4S137","L4S63","L5S104","L5S155","L5S174","L5S203","L5S222","L5S240","L6S20","L6S68","L6S93"
"ASV1",2175,0,0,0,0,2806,3308,2594,10,10,23,0,0,0,14,0,349,0,6,11,0,0,55,0,0,10,0,0,0,0,0,0,0,0
"ASV2",5,0,0,0,0,0,0,0,0,0,24,32,996,47,121,80,0,0,0,22,16,0,330,335,160,0,0,0,0,0,374,3323,1723,1341
"ASV3",0,0,0,0,0,0,0,0,353,778,95,104,341,230,407,494,0,46,144,70,35,3,1269,1712,417,216,140,107,215,148,117,215,500,465
"ASV4",0,2248,2107,1177,1721,0,0,0,0,0,0,0,0,20,0,0,0,0,0,0,13,350,0,0,0,0,0,0,5,0,10,0,0,9
"ASV5",802,1174,694,406,242,1081,930,1623,0,0,0,0,3,12,0,0,234,0,0,0,0,201,0,0,0,0,8,0,0,0,0,0,0,0
"ASV6",0,0,5,0,0,0,0,5,27,51,0,0,1181,25,36,76,5,0,16,15,0,0,124,355,84,529,454,254,343,373,532,940,1214,541
"ASV7",1197,647,964,909,531,414,334,243,0,0,0,0,0,0,0,0,28,0,0,0,0,117,0,5,0,0,0,0,0,0,0,0,0,0
"ASV8",0,0,0,7,0,0,0,0,82,227,96,49,0,274,318,105,0,75,145,59,24,0,1392,366,1426,0,0,0,0,0,0,0,0,0
"ASV9",0,0,0,0,0,0,0,3,0,10,0,0,632,11,0,0,0,0,0,0,0,0,9,28,33,176,42,107,203,500,169,622,887,518
"ASV10",0,0,0,0,0,0,0,0,0,0,0,0,207,0,0,0,0,0,8,0,0,0,17,45,10,180,118,687,157,404,78,167,137,808
"ASV11",0,0,0,0,0,0,0,0,11,24,1324,46,0,22,304,0,0,0,0,281,85,0,622,19,118,0,0,0,0,0,0,0,0,0
"ASV12",297,693,365,170,303,107,298,129,0,6,19,12,0,0,10,0,0,0,5,0,0,0,50,0,0,0,0,0,0,0,0,0,0,0
"ASV13",613,0,64,12,232,586,599,0,0,0,0,0,0,13,0,0,0,0,0,0,0,0,0,0,0,0,0,0,0,0,0,0,0,0
"ASV14",0,0,0,0,0,0,0,0,0,19,0,0,192,0,0,0,0,0,0,0,0,0,0,0,0,0,508,85,443,479,72,203,0,0
"ASV15",146,243,140,95,85,480,153,536,0,0,0,0,0,5,3,0,67,0,0,0,0,35,0,0,0,0,0,0,0,0,0,0,0,0
"ASV16",0,0,0,0,0,0,0,0,131,795,21,34,0,19,58,10,0,83,178,0,9,0,199,33,155,0,0,0,0,0,0,0,0,0
"ASV17",0,0,0,0,0,0,0,0,0,44,0,0,181,0,0,0,0,0,0,0,0,0,68,99,37,194,165,85,190,151,48,88,185,129
"ASV18",0,295,472,313,405,0,0,0,0,0,0,0,0,0,0,0,0,0,0,0,0,60,0,0,0,0,0,0,0,0,0,5,5,0
"ASV19",0,0,0,0,0,0,0,0,165,293,48,0,21,84,114,0,0,45,65,26,0,0,296,76,303,0,0,0,0,0,0,0,0,0
"ASV20",0,0,12,2,0,5,0,30,24,96,21,15,137,0,44,17,4,10,57,0,0,0,206,74,24,32,97,52,74,9,40,113,43,95
"ASV21",0,0,0,0,0,0,0,0,11,52,0,0,178,12,22,14,0,0,11,0,0,0,60,44,48,178,44,45,60,31,104,108,224,38
"ASV22",251,55,246,133,131,101,157,85,0,0,0,0,0,0,0,0,13,0,0,0,0,0,0,0,0,0,0,0,0,0,0,0,0,0
"ASV23",0,0,0,0,0,0,0,0,0,0,0,0,146,0,9,72,0,0,0,0,0,0,34,125,25,64,28,27,43,33,62,179,133,155
"ASV24",0,0,0,0,0,0,0,0,0,0,0,0,0,0,0,26,0,0,0,0,7,0,0,1094,0,0,0,0,0,0,0,0,0,0
"ASV25",0,0,0,0,0,0,0,0,10,44,20,15,0,20,62,43,0,14,0,41,0,0,187,326,41,0,0,0,15,16,0,0,77,183
"ASV26",97,187,236,125,95,100,51,86,0,0,0,0,0,0,0,0,13,0,0,0,0,34,0,0,0,0,0,0,0,0,0,0,0,0
"ASV27",0,0,0,0,0,0,0,0,95,38,31,13,0,68,61,29,0,25,22,8,0,0,77,64,448,0,0,0,0,0,0,0,0,0
"ASV28",0,0,0,0,0,0,0,0,694,0,0,0,24,0,0,4,0,229,0,0,0,0,0,0,0,0,0,0,0,0,0,0,0,0
"ASV29",0,11,0,0,0,0,0,0,72,26,14,16,11,43,44,44,0,17,16,0,0,0,101,99,403,0,0,0,0,0,0,0,0,0
"ASV30",3,126,282,282,189,0,0,0,0,0,0,0,0,0,0,0,0,0,0,0,0,31,0,0,0,0,0,0,0,0,0,0,0,0
"ASV31",553,0,0,0,0,218,137,0,0,0,0,0,0,0,0,0,0,0,0,0,0,0,0,0,0,0,0,0,0,0,0,0,0,0
"ASV32",0,0,7,0,0,0,0,0,0,0,0,0,48,0,0,0,0,0,0,0,0,0,0,0,0,80,73,255,99,114,0,31,19,175
"ASV33",201,0,3,6,0,32,9,582,0,0,0,0,0,0,0,0,23,0,0,0,0,0,0,0,0,0,0,0,0,0,0,0,0,0
"ASV34",31,0,0,0,0,0,0,0,31,43,0,11,0,0,0,338,0,0,13,0,0,0,0,281,0,0,0,0,0,0,0,0,0,88
"ASV35",0,0,35,180,327,173,114,0,0,0,0,0,0,0,0,0,0,0,0,0,0,0,0,0,0,0,0,0,0,0,0,0,0,0
"ASV36",0,0,0,0,0,0,0,0,0,0,117,39,7,47,39,0,0,0,0,39,31,0,102,0,79,263,0,0,0,8,0,0,0,0
"ASV37",0,0,230,390,142,0,0,0,0,0,0,0,0,0,0,0,0,0,0,0,0,0,0,0,0,0,0,0,0,0,0,0,0,0
"ASV38",0,0,0,0,0,0,0,0,68,106,30,20,0,25,70,27,0,13,37,10,10,0,188,19,135,0,0,0,0,0,0,0,0,0
"ASV39",111,0,211,54,185,102,74,0,0,0,0,0,0,0,0,0,0,0,0,0,0,0,0,0,0,0,0,0,0,0,0,0,0,0
"ASV40",0,0,0,0,0,0,0,0,0,0,0,0,0,46,40,89,0,0,0,0,0,0,95,258,186,0,0,0,0,0,0,0,0,0
"ASV41",0,0,0,0,0,0,0,0,118,50,56,37,0,19,9,0,0,9,5,9,15,0,14,4,367,0,0,0,0,0,0,0,0,0
"ASV42",0,0,0,0,0,0,0,0,261,114,0,68,0,0,0,0,0,87,61,0,0,0,45,55,0,0,0,0,0,0,0,0,0,0
"ASV43",242,0,10,14,32,139,196,17,0,0,0,30,0,0,0,0,0,0,0,0,0,0,0,0,0,0,0,0,0,0,0,0,0,0
"ASV44",0,0,0,0,0,0,0,0,14,49,0,16,49,0,30,15,0,0,17,0,0,0,114,130,41,29,21,16,14,45,19,14,36,10
"ASV45",0,0,0,0,0,0,0,0,9,21,0,0,53,0,0,11,0,0,6,0,0,0,45,45,37,59,27,23,36,29,41,35,126,28
"ASV46",0,0,0,0,0,0,0,0,361,0,0,0,0,0,17,0,0,192,0,0,0,0,27,0,26,0,0,0,0,0,0,0,0,0
"ASV47",0,0,0,0,0,0,0,0,8,134,0,19,0,65,27,0,0,0,34,0,0,0,99,3,228,0,0,0,0,0,0,0,0,0
"ASV48",0,0,0,0,0,0,0,0,0,0,0,0,0,0,0,0,0,0,0,0,0,0,11,13,5,0,0,0,0,0,0,12,35,531
"ASV49",38,60,6,0,5,0,188,245,0,0,0,15,0,0,0,0,41,0,0,0,0,6,0,0,0,0,0,0,0,0,0,0,0,0
"ASV50",0,107,67,76,167,26,143,0,0,0,0,0,0,0,0,0,0,0,0,0,0,18,0,0,0,0,0,0,0,0,0,0,0,0
"ASV51",0,0,0,0,0,0,0,0,0,0,0,8,0,0,0,10,0,0,0,0,0,0,0,546,0,0,0,0,0,0,0,0,0,0
"ASV52",0,82,171,220,65,0,0,0,0,0,0,0,0,0,0,0,0,0,0,0,0,17,0,0,0,0,0,0,0,0,0,0,0,0
"ASV53",0,0,0,0,0,0,0,0,16,98,16,40,0,7,22,11,0,6,7,58,9,0,65,124,15,0,0,0,11,4,0,3,8,29
"ASV54",0,0,0,0,0,0,0,0,0,0,0,0,103,0,0,0,0,0,0,0,0,0,0,0,0,0,0,0,0,0,36,116,115,173
"ASV55",0,0,0,0,0,0,0,0,0,0,0,0,58,0,0,0,0,0,2,0,0,0,0,0,0,60,7,6,13,47,25,44,0,256
"ASV56",0,0,0,0,0,0,0,0,14,0,0,38,0,0,13,172,0,0,0,0,6,0,33,187,18,0,0,0,6,0,0,22,5,3
"ASV57",0,0,0,0,0,0,0,0,0,0,0,0,0,0,0,67,0,0,0,0,26,0,70,270,82,0,0,0,0,0,0,0,0,0
"ASV58",0,0,0,0,0,0,0,0,0,0,0,0,0,0,104,0,0,0,0,0,0,0,146,0,245,0,0,0,0,0,0,0,0,0
"ASV59",0,0,0,0,0,0,0,0,0,0,0,0,0,0,0,0,0,0,0,0,0,0,0,0,0,0,0,35,0,0,0,53,62,336
"ASV60",86,35,31,13,11,185,71,26,7,0,0,0,0,0,0,0,0,0,0,0,0,16,0,0,0,0,0,0,0,0,0,0,0,0
"ASV61",0,0,0,0,0,0,0,0,51,62,0,0,0,0,0,102,0,22,0,0,0,0,0,187,0,18,0,0,30,0,0,0,0,0
"ASV62",0,0,0,0,0,0,0,0,27,0,40,250,0,0,8,0,0,0,0,0,61,0,25,0,57,0,0,0,0,0,0,0,0,0
"ASV63",0,0,0,0,0,0,0,0,40,14,34,32,0,18,0,0,0,7,0,0,19,0,16,0,282,0,0,0,0,0,0,0,0,0
"ASV64",0,0,106,203,94,0,0,0,0,0,0,0,0,0,0,0,0,0,0,0,0,0,0,0,0,0,0,0,0,0,0,0,0,0
"ASV65",0,0,0,0,0,0,0,0,7,31,3,7,0,31,18,35,0,7,11,2,0,0,87,25,106,0,0,0,0,0,0,0,0,0
"ASV66",35,0,0,79,48,119,86,0,0,0,0,0,0,0,0,0,0,0,0,0,0,0,0,0,0,0,0,0,0,0,0,0,0,0
"ASV67",0,0,0,0,0,0,0,0,0,0,0,0,34,0,0,0,0,0,0,0,0,0,0,12,0,10,8,21,38,18,7,73,31,107
"ASV68",38,0,0,0,0,171,77,55,0,0,0,0,0,0,0,0,17,0,0,0,0,0,0,0,0,0,0,0,0,0,0,0,0,0
"ASV69",79,40,21,27,24,35,29,62,0,0,0,0,0,0,0,0,18,0,0,0,0,9,0,0,0,0,0,0,0,0,0,0,0,0
"ASV70",0,0,0,207,127,0,0,0,0,0,0,0,0,0,0,0,0,0,0,0,0,0,0,0,0,0,0,0,0,0,0,0,0,0
"ASV71",0,0,0,0,0,0,0,0,57,43,18,20,0,0,12,0,0,0,8,17,16,0,40,50,51,0,0,0,0,0,0,0,0,0
"ASV72",72,0,20,0,0,122,62,30,0,0,0,0,0,0,0,0,8,0,0,0,0,0,0,0,0,0,0,0,0,0,0,0,0,0
"ASV73",0,0,0,0,0,0,0,0,0,8,0,0,0,0,0,0,0,0,0,0,0,0,0,0,296,0,0,0,0,0,0,0,0,0
"ASV74",0,0,0,0,0,0,0,0,0,0,0,0,42,0,0,0,0,0,0,0,0,0,0,11,0,22,10,15,25,14,17,83,31,30
"ASV75",0,0,0,0,0,0,0,0,64,0,0,21,0,0,0,0,0,62,0,0,0,0,91,0,61,0,0,0,0,0,0,0,0,0
"ASV76",0,0,0,0,0,162,122,0,0,0,0,0,0,0,0,0,0,0,0,0,0,0,0,0,0,0,0,0,0,0,0,0,0,0
"ASV77",0,0,0,0,0,0,0,0,31,50,12,0,0,12,19,7,0,16,13,0,0,0,32,27,65,0,0,0,0,0,0,0,0,0
"ASV78",0,0,0,0,0,0,0,0,0,26,35,71,0,20,0,0,0,0,0,0,24,0,0,0,92,0,0,0,0,0,0,0,0,0
"ASV79",0,0,0,0,197,69,0,0,0,0,0,0,0,0,0,0,0,0,0,0,0,0,0,0,0,0,0,0,0,0,0,0,0,0
"ASV80",0,0,0,0,0,0,0,0,0,10,0,0,0,0,46,0,0,0,0,0,0,0,200,0,0,0,0,0,0,0,0,0,0,0
"ASV81",0,0,0,0,0,0,0,0,0,0,0,0,0,0,0,88,0,0,0,0,0,0,0,167,0,0,0,0,0,0,0,0,0,0
"ASV82",0,0,0,0,0,0,0,0,0,0,0,0,36,0,0,8,0,0,0,0,0,0,0,16,0,0,0,0,0,0,10,49,51,80
"ASV83",0,0,0,0,0,0,0,0,0,0,0,0,39,0,0,0,0,2,0,0,0,0,0,0,0,8,0,8,16,24,7,34,47,63
"ASV84",0,0,0,0,0,0,0,0,83,0,0,0,0,0,34,0,0,18,0,0,0,0,57,0,0,53,0,0,0,0,0,0,0,0
"ASV85",0,0,0,0,0,0,0,0,0,14,0,0,0,0,0,0,0,0,0,3,0,0,5,21,5,0,0,0,0,0,0,0,61,136
"ASV86",0,0,0,119,124,0,0,0,0,0,0,0,0,0,0,0,0,0,0,0,0,0,0,0,0,0,0,0,0,0,0,0,0,0
"ASV87",0,0,39,67,136,0,0,0,0,0,0,0,0,0,0,0,0,0,0,0,0,0,0,0,0,0,0,0,0,0,0,0,0,0
"ASV88",0,43,17,19,22,48,32,36,0,0,0,0,0,0,0,0,0,0,0,0,0,19,0,0,0,0,0,0,0,0,0,0,0,0
"ASV89",0,0,0,0,0,0,0,0,25,25,27,35,0,14,0,0,0,0,0,0,0,0,12,0,98,0,0,0,0,0,0,0,0,0
"ASV90",0,86,22,62,41,0,0,0,0,0,0,0,0,0,0,0,0,0,0,0,0,20,0,0,0,0,0,0,0,0,0,0,0,0
"ASV91",0,0,0,0,0,0,0,0,11,0,22,107,0,0,0,0,0,0,0,5,38,0,16,0,32,0,0,0,0,0,0,0,0,0
"ASV92",0,0,0,0,0,0,0,0,0,55,21,33,0,0,0,0,0,0,16,10,13,0,27,10,46,0,0,0,0,0,0,0,0,0
"ASV93",0,0,0,0,0,0,0,0,10,24,0,0,0,0,0,97,0,0,0,0,0,0,16,80,0,0,0,0,3,0,0,0,0,0
"ASV94",0,61,76,54,36,0,0,0,0,0,0,0,0,0,0,0,0,0,0,0,0,0,0,0,0,0,0,0,0,0,0,0,0,0
"ASV95",0,0,0,0,0,0,0,0,16,16,0,10,7,9,0,10,0,0,8,4,0,0,16,41,77,0,0,0,0,0,0,0,0,0
"ASV96",0,0,0,0,0,0,0,0,0,18,0,0,0,0,0,94,0,0,0,0,0,0,0,76,0,5,0,0,0,0,0,0,0,20
"ASV97",0,0,0,0,0,0,0,0,0,0,0,0,0,0,0,138,0,0,0,0,0,0,0,75,0,0,0,0,0,0,0,0,0,0
"ASV98",0,0,0,0,0,0,0,0,109,49,0,0,0,0,0,0,0,0,28,0,0,0,25,0,0,0,0,0,0,0,0,0,0,0
"ASV99",0,0,0,0,0,0,0,0,16,23,0,13,0,0,12,4,0,8,0,0,0,0,51,72,0,0,0,0,0,0,0,0,6,6
"ASV100",33,0,41,12,8,47,68,0,0,0,0,0,0,0,0,0,0,0,0,0,0,0,0,0,0,0,0,0,0,0,0,0,0,0
"ASV101",0,0,0,0,0,0,0,0,0,0,0,0,0,0,0,0,13,0,0,14,0,182,0,0,0,0,0,0,0,0,0,0,0,0
"ASV102",0,0,0,0,0,0,0,0,0,0,0,0,0,0,0,96,0,0,0,0,0,0,32,28,0,0,0,0,0,0,0,0,21,29
"ASV103",0,0,104,50,47,0,0,0,0,0,0,0,0,0,0,0,0,0,0,0,0,0,0,0,0,0,0,0,0,0,0,0,0,0
"ASV104",0,0,0,0,0,0,0,0,16,0,0,0,0,0,0,0,0,0,0,0,0,0,17,0,166,0,0,0,0,0,0,0,0,0
"ASV105",0,0,0,0,0,0,0,0,0,0,0,0,14,0,0,0,0,0,0,0,0,0,0,0,0,3,0,6,0,13,5,17,8,133
"ASV106",0,18,80,68,30,0,0,0,0,0,0,0,0,0,0,0,0,0,0,0,0,0,0,0,0,0,0,0,0,0,0,0,0,0
"ASV107",0,0,0,0,0,0,0,0,21,26,20,17,0,17,7,0,0,0,7,10,0,0,13,0,56,0,0,0,0,0,0,0,0,0
"ASV108",0,0,0,0,0,128,0,63,0,0,0,0,0,0,0,0,0,0,0,0,0,0,0,0,0,0,0,0,0,0,0,0,0,0
"ASV109",35,26,0,0,0,50,55,7,0,0,0,0,0,0,0,0,0,0,0,0,0,13,0,0,0,0,0,0,0,0,0,0,0,0
"ASV110",0,0,0,0,0,0,0,0,0,0,0,27,0,27,0,0,0,0,0,0,24,0,15,0,92,0,0,0,0,0,0,0,0,0
"ASV111",0,0,0,0,0,0,0,0,0,0,0,101,0,0,0,0,0,0,0,0,83,0,0,0,0,0,0,0,0,0,0,0,0,0
"ASV112",28,0,36,0,0,48,70,0,0,0,0,0,0,0,0,0,0,0,0,0,0,0,0,0,0,0,0,0,0,0,0,0,0,0
"ASV113",0,0,0,0,0,0,0,0,0,0,0,0,0,0,0,0,0,0,0,0,0,0,0,0,0,20,0,0,21,13,0,92,34,0
"ASV114",0,51,22,37,28,10,14,0,0,0,0,0,0,0,0,0,0,0,0,0,0,7,0,0,0,0,0,0,0,0,0,0,0,0
"ASV115",0,0,0,0,0,0,0,0,0,7,89,23,0,0,0,0,0,0,0,0,0,0,15,0,35,0,0,0,0,0,0,0,0,0
"ASV116",0,0,0,0,0,0,0,0,0,0,0,0,0,0,0,0,0,0,0,0,0,0,0,0,0,0,0,0,0,8,0,22,11,127
"ASV117",0,13,0,0,0,11,0,122,0,0,0,0,0,0,0,0,19,0,0,0,0,0,0,0,0,0,0,0,0,0,0,0,0,0
"ASV118",0,0,0,0,0,0,0,0,15,0,0,0,0,0,18,0,0,10,0,0,0,0,21,19,82,0,0,0,0,0,0,0,0,0
"ASV119",0,33,34,25,51,0,0,0,0,0,0,0,0,0,0,0,0,0,0,0,0,13,0,0,0,0,0,0,0,0,0,0,0,0
"ASV120",0,11,0,0,0,0,0,0,0,0,0,0,138,0,0,0,0,0,0,0,0,6,0,0,0,0,0,0,0,0,0,0,0,0
"ASV121",0,0,0,0,0,0,0,0,75,17,0,0,4,0,0,5,0,29,8,0,0,0,17,0,0,0,0,0,0,0,0,0,0,0
"ASV122",0,0,0,0,0,0,0,0,0,23,0,0,0,0,0,39,0,0,22,0,0,0,0,71,0,0,0,0,0,0,0,0,0,0
"ASV123",15,0,19,52,41,0,27,0,0,0,0,0,0,0,0,0,0,0,0,0,0,0,0,0,0,0,0,0,0,0,0,0,0,0
"ASV124",0,0,0,0,0,0,0,0,0,0,0,84,0,0,0,0,0,0,0,0,47,0,0,0,21,0,0,0,0,0,0,0,0,0
"ASV125",0,48,19,32,28,0,0,0,0,0,0,0,0,0,0,0,0,0,0,0,0,22,0,0,0,0,0,0,0,0,0,0,0,0
"ASV126",0,0,0,0,0,0,0,0,11,9,0,0,12,0,0,24,0,0,0,0,0,0,19,31,10,5,0,0,0,0,0,8,6,13
"ASV127",27,15,8,0,0,40,37,20,0,0,0,0,0,0,0,0,0,0,0,0,0,0,0,0,0,0,0,0,0,0,0,0,0,0
"ASV128",18,33,20,23,0,0,0,44,0,0,0,0,0,0,0,0,9,0,0,0,0,0,0,0,0,0,0,0,0,0,0,0,0,0
"ASV129",0,32,44,65,0,0,0,0,0,0,0,0,0,0,0,0,0,0,0,0,0,4,0,0,0,0,0,0,0,0,0,0,0,0
"ASV130",0,0,0,0,0,0,0,0,0,0,0,0,27,0,0,0,0,0,0,0,0,0,0,0,4,0,4,0,0,5,15,33,28,29
"ASV131",0,0,0,0,0,0,0,0,0,0,16,11,0,0,11,0,0,0,0,18,0,0,78,0,9,0,0,0,0,0,0,0,0,0
"ASV132",18,7,24,0,7,53,32,0,0,0,0,0,0,0,0,0,0,0,0,0,0,0,0,0,0,0,0,0,0,0,0,0,0,0
"ASV133",26,0,0,0,23,62,30,0,0,0,0,0,0,0,0,0,0,0,0,0,0,0,0,0,0,0,0,0,0,0,0,0,0,0
"ASV134",0,0,0,0,0,0,0,0,6,18,0,29,0,0,0,0,0,0,0,10,0,0,27,0,51,0,0,0,0,0,0,0,0,0
"ASV135",0,0,0,0,0,0,0,0,0,0,19,23,0,0,0,12,0,17,0,0,0,0,0,39,31,0,0,0,0,0,0,0,0,0
"ASV136",0,0,58,50,29,0,0,0,0,0,0,0,0,0,0,0,0,0,0,0,0,0,0,0,0,0,0,0,0,0,0,0,0,0
"ASV137",0,0,0,0,0,0,0,0,16,7,29,28,0,7,0,0,0,4,0,0,3,0,10,0,31,0,0,0,0,0,0,0,0,0
"ASV138",0,11,8,20,95,0,0,0,0,0,0,0,0,0,0,0,0,0,0,0,0,0,0,0,0,0,0,0,0,0,0,0,0,0
"ASV139",27,29,0,0,0,0,0,0,0,4,0,0,0,0,0,0,0,0,6,0,0,0,16,13,37,0,0,0,0,0,0,0,0,0
"ASV140",0,0,0,0,0,0,0,0,0,9,0,0,0,0,0,58,0,0,0,0,0,0,0,56,0,2,0,0,0,0,0,0,0,7
"ASV141",0,0,0,0,0,0,0,0,0,0,71,0,0,7,4,0,0,0,0,6,0,0,14,0,29,0,0,0,0,0,0,0,0,0
"ASV142",0,0,0,0,0,0,0,0,0,0,0,0,0,5,62,0,0,0,0,0,0,0,45,0,18,0,0,0,0,0,0,0,0,0
"ASV143",0,0,0,0,0,0,0,0,21,0,0,0,0,0,0,36,0,0,19,0,0,0,0,51,0,0,0,0,0,0,0,0,0,0
"ASV144",0,0,0,0,0,0,0,0,0,0,43,0,0,0,0,0,0,0,0,30,0,0,54,0,0,0,0,0,0,0,0,0,0,0
"ASV145",0,0,0,0,0,0,0,0,0,0,0,49,0,0,0,0,0,0,0,0,33,0,20,0,24,0,0,0,0,0,0,0,0,0
"ASV146",0,0,0,0,0,0,0,0,0,0,0,0,0,0,0,0,0,0,0,0,0,0,0,124,0,0,0,0,0,0,0,0,0,0
"ASV147",0,0,0,0,0,0,0,0,0,29,15,17,0,0,0,0,0,5,14,0,0,0,0,0,39,0,0,0,0,0,0,0,0,0
"ASV148",0,0,0,0,0,0,0,0,10,0,0,5,0,0,0,6,0,0,6,0,0,0,3,28,59,0,0,0,0,0,0,0,0,0
"ASV149",0,0,0,0,0,0,0,0,0,0,0,32,0,0,0,0,0,0,0,0,0,0,0,0,85,0,0,0,0,0,0,0,0,0
"ASV150",23,0,21,13,13,23,16,0,0,0,0,0,0,0,0,0,0,0,0,0,0,7,0,0,0,0,0,0,0,0,0,0,0,0
"ASV151",0,0,0,0,0,115,0,0,0,0,0,0,0,0,0,0,0,0,0,0,0,0,0,0,0,0,0,0,0,0,0,0,0,0
"ASV152",17,0,0,0,0,96,0,0,0,0,0,0,0,0,0,0,0,0,0,0,0,0,0,0,0,0,0,0,0,0,0,0,0,0
"ASV153",0,52,10,26,15,0,0,0,0,0,0,0,0,0,0,0,0,0,0,0,0,9,0,0,0,0,0,0,0,0,0,0,0,0
"ASV154",0,0,109,3,0,0,0,0,0,0,0,0,0,0,0,0,0,0,0,0,0,0,0,0,0,0,0,0,0,0,0,0,0,0
"ASV155",0,0,0,0,0,0,0,0,0,0,92,0,0,0,0,0,0,0,0,19,0,0,0,0,0,0,0,0,0,0,0,0,0,0
"ASV156",0,0,0,0,0,0,0,0,0,0,0,0,27,0,0,0,0,0,0,0,0,0,13,30,0,0,0,27,0,0,0,0,0,14
"ASV157",0,26,32,11,30,0,0,0,0,0,0,0,0,0,0,0,0,0,0,0,0,11,0,0,0,0,0,0,0,0,0,0,0,0
"ASV158",0,0,0,0,0,0,0,0,0,0,71,0,0,0,14,0,0,0,0,25,0,0,0,0,0,0,0,0,0,0,0,0,0,0
"ASV159",0,0,0,0,0,0,0,0,0,0,0,0,0,11,0,5,0,0,0,0,0,0,8,8,75,0,0,0,0,0,0,0,0,0
"ASV160",0,0,0,0,0,0,0,0,0,6,0,0,0,0,0,41,0,0,0,3,0,0,14,36,0,0,0,0,3,0,0,0,0,3
"ASV161",0,0,0,0,0,0,0,0,0,0,0,0,0,0,0,49,0,0,0,0,0,0,0,44,0,0,13,0,0,0,0,0,0,0
"ASV162",0,0,0,0,0,0,0,0,0,0,0,0,0,0,9,0,0,0,0,17,0,0,36,35,8,0,0,0,0,0,0,0,0,0
"ASV163",0,0,55,19,23,0,7,0,0,0,0,0,0,0,0,0,0,0,0,0,0,0,0,0,0,0,0,0,0,0,0,0,0,0
"ASV164",15,0,20,23,0,17,23,5,0,0,0,0,0,0,0,0,0,0,0,0,0,0,0,0,0,0,0,0,0,0,0,0,0,0
"ASV165",0,0,0,0,0,0,0,0,10,84,0,0,0,0,0,0,0,0,0,9,0,0,0,0,0,0,0,0,0,0,0,0,0,0
"ASV166",37,0,19,6,14,9,17,0,0,0,0,0,0,0,0,0,0,0,0,0,0,0,0,0,0,0,0,0,0,0,0,0,0,0
"ASV167",0,0,0,0,0,0,0,0,0,15,0,21,0,0,0,0,0,0,0,0,0,0,33,0,30,0,0,0,0,0,0,0,0,0
"ASV168",0,0,0,0,0,0,0,0,0,0,0,0,4,0,0,0,0,0,0,0,0,0,0,0,0,0,0,0,0,0,0,0,0,94
"ASV169",11,16,11,18,17,10,14,0,0,0,0,0,0,0,0,0,0,0,0,0,0,0,0,0,0,0,0,0,0,0,0,0,0,0
"ASV170",0,0,0,0,0,0,0,0,0,15,0,50,0,0,0,0,0,0,0,0,31,0,0,0,0,0,0,0,0,0,0,0,0,0
"ASV171",0,18,26,29,11,5,0,0,0,0,0,0,0,0,0,0,0,0,0,0,0,6,0,0,0,0,0,0,0,0,0,0,0,0
"ASV172",0,0,0,0,0,0,0,0,63,0,0,0,0,0,0,0,0,17,0,0,0,0,0,0,15,0,0,0,0,0,0,0,0,0
"ASV173",0,0,0,0,0,0,0,0,56,0,0,0,0,0,0,0,0,39,0,0,0,0,0,0,0,0,0,0,0,0,0,0,0,0
"ASV174",0,0,36,21,32,0,0,0,0,0,0,0,0,5,0,0,0,0,0,0,0,0,0,0,0,0,0,0,0,0,0,0,0,0
"ASV175",0,0,0,0,0,0,0,0,0,0,0,67,0,0,0,0,0,0,0,0,27,0,0,0,0,0,0,0,0,0,0,0,0,0
"ASV176",0,0,0,0,0,0,0,0,0,0,0,0,0,0,0,0,0,0,0,0,0,0,0,0,92,0,0,0,0,0,0,0,0,0
"ASV177",0,0,0,0,0,0,0,0,0,0,0,0,0,0,0,0,0,0,0,0,0,0,0,91,0,0,0,0,0,0,0,0,0,0
"ASV178",0,0,0,0,0,0,0,0,0,12,0,0,0,0,0,16,0,0,0,0,0,0,16,46,0,0,0,0,0,0,0,0,0,0
"ASV179",43,28,0,0,0,0,0,0,0,0,0,0,0,0,0,0,0,0,0,0,0,5,0,0,13,0,0,0,0,0,0,0,0,0
"ASV180",0,0,0,0,0,0,0,0,7,11,0,0,0,0,0,44,0,0,0,0,0,0,0,27,0,0,0,0,0,0,0,0,0,0
"ASV181",0,0,0,0,0,0,0,0,0,0,0,89,0,0,0,0,0,0,0,0,0,0,0,0,0,0,0,0,0,0,0,0,0,0
"ASV182",0,27,0,0,0,0,0,47,0,0,0,0,0,0,0,0,0,0,0,0,0,13,0,0,0,0,0,0,0,0,0,0,0,0
"ASV183",0,0,0,0,0,85,0,0,2,0,0,0,0,0,0,0,0,0,0,0,0,0,0,0,0,0,0,0,0,0,0,0,0,0
"ASV184",0,0,0,0,0,0,0,0,0,0,0,0,0,0,0,34,0,0,0,0,0,0,0,45,0,0,0,0,0,0,0,0,0,8
"ASV185",16,12,0,0,0,20,36,0,0,0,0,0,0,0,0,0,0,0,0,0,0,0,0,0,0,0,0,0,0,0,0,0,0,0
"ASV186",0,0,84,0,0,0,0,0,0,0,0,0,0,0,0,0,0,0,0,0,0,0,0,0,0,0,0,0,0,0,0,0,0,0
"ASV187",0,0,0,0,0,0,0,0,0,0,0,56,0,0,0,0,0,0,0,0,28,0,0,0,0,0,0,0,0,0,0,0,0,0
"ASV188",0,0,35,13,35,0,0,0,0,0,0,0,0,0,0,0,0,0,0,0,0,0,0,0,0,0,0,0,0,0,0,0,0,0
"ASV189",0,0,0,0,0,0,0,0,0,0,6,35,0,0,0,0,0,0,0,0,13,0,0,0,29,0,0,0,0,0,0,0,0,0
"ASV190",0,0,0,0,0,0,0,0,0,0,0,0,0,0,0,23,0,0,0,0,0,0,22,38,0,0,0,0,0,0,0,0,0,0
"ASV191",0,0,0,0,41,41,0,0,0,0,0,0,0,0,0,0,0,0,0,0,0,0,0,0,0,0,0,0,0,0,0,0,0,0
"ASV192",0,0,0,0,0,0,0,0,0,0,0,43,0,0,0,0,0,0,0,0,0,0,39,0,0,0,0,0,0,0,0,0,0,0
"ASV193",0,0,0,0,0,0,0,0,0,0,0,0,0,0,0,54,0,0,0,0,0,0,0,28,0,0,0,0,0,0,0,0,0,0
"ASV194",17,11,16,22,11,0,4,0,0,0,0,0,0,0,0,0,0,0,0,0,0,0,0,0,0,0,0,0,0,0,0,0,0,0
"ASV195",0,14,0,16,0,51,0,0,0,0,0,0,0,0,0,0,0,0,0,0,0,0,0,0,0,0,0,0,0,0,0,0,0,0
"ASV196",0,0,45,0,21,15,0,0,0,0,0,0,0,0,0,0,0,0,0,0,0,0,0,0,0,0,0,0,0,0,0,0,0,0
"ASV197",0,0,0,0,0,0,0,0,0,5,0,0,0,0,19,0,0,0,0,10,0,0,20,17,4,0,0,0,0,0,0,0,0,6
"ASV198",0,0,12,18,13,26,11,0,0,0,0,0,0,0,0,0,0,0,0,0,0,0,0,0,0,0,0,0,0,0,0,0,0,0
"ASV199",0,0,0,0,0,0,0,0,4,4,0,0,0,0,0,50,0,0,0,0,0,0,0,22,0,0,0,0,0,0,0,0,0,0
"ASV200",0,0,0,0,0,0,0,0,0,0,0,0,0,0,0,20,0,0,0,0,0,0,6,53,0,0,0,0,0,0,0,0,0,0
"ASV201",0,0,0,0,0,0,0,0,0,0,0,0,0,0,0,46,0,0,0,0,0,0,0,32,0,0,0,0,0,0,0,0,0,0
"ASV202",8,0,18,13,0,9,11,18,0,0,0,0,0,0,0,0,0,0,0,0,0,0,0,0,0,0,0,0,0,0,0,0,0,0
"ASV203",0,35,0,10,18,0,14,0,0,0,0,0,0,0,0,0,0,0,0,0,0,0,0,0,0,0,0,0,0,0,0,0,0,0
"ASV204",0,0,0,0,0,0,0,0,24,20,0,0,0,0,0,0,0,20,13,0,0,0,0,0,0,0,0,0,0,0,0,0,0,0
"ASV205",0,0,0,20,0,35,21,0,0,0,0,0,0,0,0,0,0,0,0,0,0,0,0,0,0,0,0,0,0,0,0,0,0,0
"ASV206",0,0,0,0,0,0,0,0,7,27,0,6,0,0,0,0,0,0,14,0,5,0,10,0,7,0,0,0,0,0,0,0,0,0
"ASV207",0,0,0,0,0,0,0,0,0,0,0,0,0,0,0,0,0,0,0,0,0,0,0,0,0,0,0,0,0,0,0,0,0,76
"ASV208",0,57,0,0,18,0,0,0,0,0,0,0,0,0,0,0,0,0,0,0,0,0,0,0,0,0,0,0,0,0,0,0,0,0
"ASV209",0,0,0,0,0,0,0,0,0,0,0,13,0,0,0,0,0,0,0,0,0,0,0,0,62,0,0,0,0,0,0,0,0,0
"ASV210",0,0,0,0,0,0,0,0,0,0,0,0,0,0,0,75,0,0,0,0,0,0,0,0,0,0,0,0,0,0,0,0,0,0
"ASV211",0,0,0,0,0,0,0,0,0,0,0,74,0,0,0,0,0,0,0,0,0,0,0,0,0,0,0,0,0,0,0,0,0,0
"ASV212",0,0,0,0,0,0,0,0,0,0,0,17,0,0,0,0,0,0,0,0,0,0,37,0,20,0,0,0,0,0,0,0,0,0
"ASV213",14,0,39,20,0,0,0,0,0,0,0,0,0,0,0,0,0,0,0,0,0,0,0,0,0,0,0,0,0,0,0,0,0,0
"ASV214",0,0,21,31,21,0,0,0,0,0,0,0,0,0,0,0,0,0,0,0,0,0,0,0,0,0,0,0,0,0,0,0,0,0
"ASV215",0,0,0,0,0,0,0,0,12,0,3,8,0,7,5,0,0,0,0,0,0,0,0,0,37,0,0,0,0,0,0,0,0,0
"ASV216",0,0,0,0,0,0,0,0,0,0,0,0,19,0,0,0,0,0,0,0,0,0,0,0,0,0,0,0,0,0,0,25,28,0
"ASV217",0,0,0,0,0,0,0,0,0,0,0,0,0,0,0,0,0,0,0,0,0,0,0,0,72,0,0,0,0,0,0,0,0,0
"ASV218",16,23,0,0,0,14,18,0,0,0,0,0,0,0,0,0,0,0,0,0,0,0,0,0,0,0,0,0,0,0,0,0,0,0
"ASV219",0,0,0,0,0,70,0,0,0,0,0,0,0,0,0,0,0,0,0,0,0,0,0,0,0,0,0,0,0,0,0,0,0,0
"ASV220",0,0,0,0,0,0,0,0,0,39,10,8,0,0,0,0,0,0,9,0,0,0,4,0,0,0,0,0,0,0,0,0,0,0
"ASV221",0,0,0,0,0,0,0,0,0,0,0,0,0,0,0,0,0,0,0,0,0,0,0,0,70,0,0,0,0,0,0,0,0,0
"ASV222",0,0,0,0,0,0,0,0,0,11,0,0,0,0,0,10,0,0,0,0,0,0,18,30,0,0,0,0,0,0,0,0,0,0
"ASV223",0,0,0,0,0,0,0,0,27,17,0,0,0,0,0,0,0,0,0,0,0,0,8,0,16,0,0,0,0,0,0,0,0,0
"ASV224",0,0,0,0,0,0,0,0,0,3,8,10,0,2,0,0,0,0,0,6,5,0,18,0,16,0,0,0,0,0,0,0,0,0
"ASV225",23,0,0,0,0,0,0,32,0,0,0,0,0,0,0,0,12,0,0,0,0,0,0,0,0,0,0,0,0,0,0,0,0,0
"ASV226",0,0,0,0,0,0,0,0,0,60,0,0,0,0,0,0,0,0,0,7,0,0,0,0,0,0,0,0,0,0,0,0,0,0
"ASV227",0,0,0,0,0,0,0,0,0,0,10,15,0,0,0,0,0,0,0,6,0,0,0,0,36,0,0,0,0,0,0,0,0,0
"ASV228",0,0,0,0,0,0,0,0,0,0,0,0,4,0,0,0,0,0,0,0,0,0,0,0,0,0,7,6,17,8,0,14,0,10
"ASV229",0,0,0,0,0,0,0,0,0,0,0,0,2,0,0,9,0,0,0,0,0,0,0,5,0,0,0,2,0,3,0,8,11,26
"ASV230",0,0,26,26,13,0,0,0,0,0,0,0,0,0,0,0,0,0,0,0,0,0,0,0,0,0,0,0,0,0,0,0,0,0
"ASV231",0,0,13,0,0,0,0,36,0,0,0,0,0,0,0,0,16,0,0,0,0,0,0,0,0,0,0,0,0,0,0,0,0,0
"ASV232",0,0,0,0,0,0,0,0,0,0,0,0,0,0,0,38,0,0,0,0,0,0,0,23,0,0,0,0,0,0,0,0,0,4
"ASV233",0,31,0,0,0,0,0,33,0,0,0,0,0,0,0,0,0,0,0,0,0,0,0,0,0,0,0,0,0,0,0,0,0,0
"ASV234",0,0,0,0,0,0,0,0,0,0,0,0,0,0,9,0,0,0,0,0,0,0,16,28,0,0,0,0,0,0,0,0,4,6
"ASV235",0,0,0,0,0,0,0,0,0,0,0,0,0,0,18,0,0,0,0,0,0,0,28,0,17,0,0,0,0,0,0,0,0,0
"ASV236",0,0,0,0,0,0,0,0,20,14,0,19,0,0,0,0,0,0,0,0,0,0,9,0,0,0,0,0,0,0,0,0,0,0
"ASV237",15,12,9,0,0,25,0,0,0,0,0,0,0,0,0,0,0,0,0,0,0,0,0,0,0,0,0,0,0,0,0,0,0,0
"ASV238",0,0,0,0,0,0,0,0,0,0,0,24,0,0,0,0,0,0,4,0,8,0,0,0,25,0,0,0,0,0,0,0,0,0
"ASV239",0,0,0,0,0,0,0,0,0,0,0,0,0,0,0,61,0,0,0,0,0,0,0,0,0,0,0,0,0,0,0,0,0,0
"ASV240",0,0,0,0,0,0,0,0,0,0,42,0,0,10,0,0,0,0,0,8,0,0,0,0,0,0,0,0,0,0,0,0,0,0
"ASV241",0,0,0,0,0,0,0,0,0,0,0,0,14,0,0,0,0,0,0,0,0,0,0,0,0,3,0,43,0,0,0,0,0,0
"ASV242",0,48,0,11,0,0,0,0,0,0,0,0,0,0,0,0,0,0,0,0,0,0,0,0,0,0,0,0,0,0,0,0,0,0
"ASV243",0,18,0,0,0,0,0,41,0,0,0,0,0,0,0,0,0,0,0,0,0,0,0,0,0,0,0,0,0,0,0,0,0,0
"ASV244",0,0,0,0,0,0,0,0,0,26,0,0,0,0,0,0,0,0,0,0,0,0,0,33,0,0,0,0,0,0,0,0,0,0
"ASV245",0,0,0,0,0,0,0,0,0,0,10,19,0,9,0,0,0,0,0,0,0,0,0,0,21,0,0,0,0,0,0,0,0,0
"ASV246",0,0,0,0,0,0,0,0,9,0,0,10,0,7,0,0,0,0,0,0,0,0,9,0,23,0,0,0,0,0,0,0,0,0
"ASV247",0,0,0,0,0,0,0,0,9,0,0,14,0,0,0,0,0,0,0,6,0,0,6,0,23,0,0,0,0,0,0,0,0,0
"ASV248",0,0,0,0,0,0,0,0,8,12,0,18,0,0,0,0,0,0,0,0,0,0,0,0,19,0,0,0,0,0,0,0,0,0
"ASV249",0,0,0,0,0,0,0,0,0,0,0,35,0,0,0,0,0,0,0,0,22,0,0,0,0,0,0,0,0,0,0,0,0,0
"ASV250",0,0,0,0,0,0,0,0,34,21,0,0,0,0,0,0,0,0,0,0,0,0,0,0,0,0,0,0,0,0,0,0,0,0
"ASV251",0,0,0,0,0,0,0,0,0,0,0,0,6,0,0,0,0,0,0,0,0,0,22,16,0,0,0,0,0,0,0,0,4,7
"ASV252",11,0,0,0,0,29,14,0,0,0,0,0,0,0,0,0,0,0,0,0,0,0,0,0,0,0,0,0,0,0,0,0,0,0
"ASV253",0,0,0,0,0,0,0,0,7,12,10,19,0,0,0,0,0,0,6,0,0,0,0,0,0,0,0,0,0,0,0,0,0,0
"ASV254",0,0,0,0,0,0,0,0,0,0,0,0,0,0,9,0,0,0,0,0,0,0,0,0,45,0,0,0,0,0,0,0,0,0
"ASV255",0,0,0,0,0,0,0,0,0,0,0,0,0,0,0,0,0,0,0,0,0,0,54,0,0,0,0,0,0,0,0,0,0,0
"ASV256",26,0,0,0,0,27,0,0,0,0,0,0,0,0,0,0,0,0,0,0,0,0,0,0,0,0,0,0,0,0,0,0,0,0
"ASV257",0,19,0,0,4,6,9,15,0,0,0,0,0,0,0,0,0,0,0,0,0,0,0,0,0,0,0,0,0,0,0,0,0,0
"ASV258",0,0,0,0,0,0,0,0,0,0,11,11,0,0,0,0,0,0,0,0,0,0,8,0,23,0,0,0,0,0,0,0,0,0
"ASV259",0,0,0,0,0,0,0,0,0,0,0,0,0,0,0,0,0,0,0,0,0,0,0,53,0,0,0,0,0,0,0,0,0,0
"ASV260",0,28,11,0,13,0,0,0,0,0,0,0,0,0,0,0,0,0,0,0,0,0,0,0,0,0,0,0,0,0,0,0,0,0
"ASV261",0,0,0,0,0,0,0,0,0,0,0,52,0,0,0,0,0,0,0,0,0,0,0,0,0,0,0,0,0,0,0,0,0,0
"ASV262",0,0,0,0,0,0,0,0,0,0,0,15,0,0,0,0,0,0,0,0,0,0,25,0,11,0,0,0,0,0,0,0,0,0
"ASV263",34,0,0,0,0,16,0,0,0,0,0,0,0,0,0,0,0,0,0,0,0,0,0,0,0,0,0,0,0,0,0,0,0,0
"ASV264",0,0,34,0,0,16,0,0,0,0,0,0,0,0,0,0,0,0,0,0,0,0,0,0,0,0,0,0,0,0,0,0,0,0
"ASV265",0,0,25,0,0,19,6,0,0,0,0,0,0,0,0,0,0,0,0,0,0,0,0,0,0,0,0,0,0,0,0,0,0,0
"ASV266",0,0,0,0,0,0,0,0,0,29,0,10,0,0,0,0,0,0,0,0,0,0,0,0,11,0,0,0,0,0,0,0,0,0
"ASV267",0,0,0,0,0,0,0,0,0,0,0,0,0,0,0,25,0,0,0,0,0,0,0,25,0,0,0,0,0,0,0,0,0,0
"ASV268",0,0,0,0,0,0,0,0,0,0,0,0,0,0,0,0,0,0,0,0,0,0,0,0,50,0,0,0,0,0,0,0,0,0
"ASV269",0,0,0,0,0,0,0,0,0,0,0,0,8,3,0,0,0,0,0,0,0,0,0,31,7,0,0,0,0,0,0,0,0,0
"ASV270",0,0,0,0,0,0,0,0,0,0,0,0,0,0,0,21,0,0,0,0,0,0,0,0,0,0,0,0,0,0,0,12,0,16
"ASV271",0,0,0,0,0,0,0,0,0,0,0,0,0,0,0,7,0,0,0,0,0,0,0,42,0,0,0,0,0,0,0,0,0,0
"ASV272",0,0,0,0,0,0,0,0,0,0,0,0,0,0,0,24,0,0,0,0,0,0,0,25,0,0,0,0,0,0,0,0,0,0
"ASV273",0,0,0,0,0,0,0,0,0,0,0,0,0,0,0,0,0,0,0,0,0,0,0,49,0,0,0,0,0,0,0,0,0,0
"ASV274",0,0,0,0,0,0,0,0,27,0,0,0,0,0,0,0,0,10,0,11,0,0,0,0,0,0,0,0,0,0,0,0,0,0
"ASV275",0,0,0,0,0,0,0,0,6,0,0,0,0,0,0,20,0,0,0,0,0,0,5,16,0,0,0,0,0,0,0,0,0,0
"ASV276",0,0,0,0,0,0,0,0,0,9,14,9,0,0,0,0,0,0,3,0,0,0,0,0,12,0,0,0,0,0,0,0,0,0
"ASV277",0,0,0,0,0,0,0,0,0,3,4,0,0,3,0,0,0,0,0,0,0,0,9,0,28,0,0,0,0,0,0,0,0,0
"ASV278",0,0,0,0,0,0,0,0,0,0,0,0,0,0,0,29,0,0,0,0,0,0,0,18,0,0,0,0,0,0,0,0,0,0
"ASV279",0,0,0,0,0,0,0,0,0,0,0,0,0,0,0,23,0,0,0,0,0,0,0,24,0,0,0,0,0,0,0,0,0,0
"ASV280",0,0,0,0,0,0,0,0,10,8,2,2,0,3,0,0,0,0,0,0,0,0,0,0,21,0,0,0,0,0,0,0,0,0
"ASV281",0,0,0,0,0,0,0,0,0,0,10,20,0,0,0,0,0,0,0,0,6,0,10,0,0,0,0,0,0,0,0,0,0,0
"ASV282",0,0,0,0,0,0,0,0,0,0,0,0,0,0,0,24,0,0,0,0,0,0,0,22,0,0,0,0,0,0,0,0,0,0
"ASV283",0,0,0,0,0,0,0,0,0,0,0,0,0,0,0,0,0,0,0,0,0,0,0,46,0,0,0,0,0,0,0,0,0,0
"ASV284",0,0,0,0,0,0,0,0,0,0,0,0,0,0,0,0,0,0,0,0,0,0,0,0,46,0,0,0,0,0,0,0,0,0
"ASV285",0,9,0,4,7,0,7,13,0,0,0,0,0,0,0,0,3,0,0,0,0,2,0,0,0,0,0,0,0,0,0,0,0,0
"ASV286",0,0,13,17,15,0,0,0,0,0,0,0,0,0,0,0,0,0,0,0,0,0,0,0,0,0,0,0,0,0,0,0,0,0
"ASV287",0,0,45,0,0,0,0,0,0,0,0,0,0,0,0,0,0,0,0,0,0,0,0,0,0,0,0,0,0,0,0,0,0,0
"ASV288",0,0,0,0,0,0,0,0,0,26,0,0,0,0,0,0,0,0,0,0,0,0,19,0,0,0,0,0,0,0,0,0,0,0
"ASV289",0,0,0,0,0,0,0,0,0,0,0,0,0,0,0,16,0,0,0,0,0,0,0,0,0,0,0,7,0,0,0,0,0,22
"ASV290",0,5,0,0,0,26,13,0,0,0,0,0,0,0,0,0,0,0,0,0,0,0,0,0,0,0,0,0,0,0,0,0,0,0
"ASV291",0,0,0,0,0,0,0,0,0,4,0,0,0,0,0,24,0,0,0,0,0,0,0,11,0,0,0,5,0,0,0,0,0,0
"ASV292",0,0,0,0,0,0,0,0,0,0,19,0,0,0,0,0,0,0,0,0,0,0,0,0,25,0,0,0,0,0,0,0,0,0
"ASV293",0,0,0,0,0,0,0,0,0,0,0,0,0,0,0,0,0,0,0,0,0,0,0,0,44,0,0,0,0,0,0,0,0,0
"ASV294",0,0,0,0,0,0,0,0,0,0,0,0,0,0,0,0,0,0,0,0,0,0,0,0,44,0,0,0,0,0,0,0,0,0
"ASV295",6,0,0,0,0,0,0,0,12,2,3,0,0,0,0,0,0,0,0,2,0,0,6,5,7,0,0,0,0,0,0,0,0,0
"ASV296",0,0,0,0,0,0,0,0,0,0,0,26,0,0,0,0,0,0,0,0,17,0,0,0,0,0,0,0,0,0,0,0,0,0
"ASV297",0,0,0,0,0,0,0,0,0,0,0,0,0,3,8,0,0,0,0,0,0,0,9,0,23,0,0,0,0,0,0,0,0,0
"ASV298",0,0,0,0,0,0,0,0,0,0,0,0,0,0,0,0,0,0,0,10,0,0,0,0,33,0,0,0,0,0,0,0,0,0
"ASV299",0,0,0,0,0,0,0,0,0,0,0,0,0,0,0,0,0,0,0,0,0,0,0,43,0,0,0,0,0,0,0,0,0,0
"ASV300",0,0,0,0,0,0,0,0,0,0,0,0,0,0,0,0,0,0,0,0,0,0,0,0,43,0,0,0,0,0,0,0,0,0
"ASV301",0,0,0,0,0,0,0,0,0,0,0,0,0,0,0,0,0,0,0,0,0,0,0,0,0,0,20,0,23,0,0,0,0,0
"ASV302",0,0,0,0,0,0,0,0,0,0,0,0,0,0,0,17,0,0,0,0,0,0,8,17,0,0,0,0,0,0,0,0,0,0
"ASV303",20,0,0,0,0,13,8,0,0,0,0,0,0,0,0,0,0,0,0,0,0,0,0,0,0,0,0,0,0,0,0,0,0,0
"ASV304",0,0,0,0,0,0,0,0,6,0,7,18,0,0,0,0,0,0,0,0,3,0,0,0,7,0,0,0,0,0,0,0,0,0
"ASV305",0,0,0,0,0,0,0,0,0,8,0,0,0,0,0,2,0,0,0,0,0,0,0,2,0,0,0,0,3,0,2,2,10,12
"ASV306",0,0,0,0,0,0,0,0,0,0,16,4,0,0,0,0,0,9,8,4,0,0,0,0,0,0,0,0,0,0,0,0,0,0
"ASV307",0,7,0,0,0,0,0,0,15,0,0,0,0,0,0,0,0,0,0,0,0,0,9,9,0,0,0,0,0,0,0,0,0,0
"ASV308",0,0,0,0,0,0,0,0,0,3,0,0,0,0,0,37,0,0,0,0,0,0,0,0,0,0,0,0,0,0,0,0,0,0
"ASV309",0,0,0,0,0,0,0,0,0,0,0,0,0,0,0,19,0,0,0,0,0,0,0,21,0,0,0,0,0,0,0,0,0,0
"ASV310",9,0,0,0,0,0,11,19,0,0,0,0,0,0,0,0,0,0,0,0,0,0,0,0,0,0,0,0,0,0,0,0,0,0
"ASV311",0,16,0,0,0,0,0,23,0,0,0,0,0,0,0,0,0,0,0,0,0,0,0,0,0,0,0,0,0,0,0,0,0,0
"ASV312",0,0,12,0,0,11,16,0,0,0,0,0,0,0,0,0,0,0,0,0,0,0,0,0,0,0,0,0,0,0,0,0,0,0
"ASV313",0,0,0,24,15,0,0,0,0,0,0,0,0,0,0,0,0,0,0,0,0,0,0,0,0,0,0,0,0,0,0,0,0,0
"ASV314",0,0,0,0,0,0,0,0,6,0,0,0,0,0,0,11,0,0,0,0,0,0,0,22,0,0,0,0,0,0,0,0,0,0
"ASV315",0,0,0,0,0,0,0,0,0,0,0,0,0,0,4,0,0,0,0,0,0,0,10,12,13,0,0,0,0,0,0,0,0,0
"ASV316",0,0,0,0,0,0,0,0,0,0,0,0,0,0,0,39,0,0,0,0,0,0,0,0,0,0,0,0,0,0,0,0,0,0
"ASV317",0,0,0,0,0,0,0,0,0,0,0,0,0,0,0,0,0,0,0,0,0,0,0,0,39,0,0,0,0,0,0,0,0,0
"ASV318",8,0,0,0,0,23,0,7,0,0,0,0,0,0,0,0,0,0,0,0,0,0,0,0,0,0,0,0,0,0,0,0,0,0
"ASV319",0,0,38,0,0,0,0,0,0,0,0,0,0,0,0,0,0,0,0,0,0,0,0,0,0,0,0,0,0,0,0,0,0,0
"ASV320",0,0,0,0,0,0,0,0,0,0,6,6,0,0,0,0,0,0,0,2,0,0,13,0,11,0,0,0,0,0,0,0,0,0
"ASV321",0,0,0,0,0,0,0,0,0,0,6,17,0,0,0,0,0,0,0,0,0,0,0,0,15,0,0,0,0,0,0,0,0,0
"ASV322",0,0,0,0,0,0,0,0,0,0,0,0,8,0,0,0,0,0,0,0,0,0,0,0,0,0,0,0,0,0,2,18,10,0
"ASV323",8,11,0,0,0,0,0,0,0,0,0,0,0,0,0,0,0,0,0,0,0,0,0,0,18,0,0,0,0,0,0,0,0,0
"ASV324",0,0,19,0,18,0,0,0,0,0,0,0,0,0,0,0,0,0,0,0,0,0,0,0,0,0,0,0,0,0,0,0,0,0
"ASV325",0,0,0,0,0,0,0,0,5,0,0,0,0,0,0,0,0,0,0,0,0,0,3,0,29,0,0,0,0,0,0,0,0,0
"ASV326",0,0,0,0,0,0,0,0,0,0,0,28,0,0,0,0,0,0,0,0,9,0,0,0,0,0,0,0,0,0,0,0,0,0
"ASV327",0,0,0,0,0,0,0,0,0,0,0,0,0,0,0,0,0,0,0,0,0,0,0,0,37,0,0,0,0,0,0,0,0,0
"ASV328",24,0,0,0,0,12,0,0,0,0,0,0,0,0,0,0,0,0,0,0,0,0,0,0,0,0,0,0,0,0,0,0,0,0
"ASV329",0,0,0,0,0,0,0,0,0,7,0,0,0,0,0,0,0,0,0,0,0,0,0,29,0,0,0,0,0,0,0,0,0,0
"ASV330",0,0,0,0,0,0,0,0,0,0,0,23,0,0,0,0,0,0,0,0,13,0,0,0,0,0,0,0,0,0,0,0,0,0
"ASV331",0,0,0,0,0,0,0,0,0,0,0,0,0,5,0,5,0,0,0,0,0,0,3,0,23,0,0,0,0,0,0,0,0,0
"ASV332",0,0,0,0,0,0,0,0,0,0,0,0,0,0,0,19,0,0,0,0,0,0,0,16,0,0,0,0,0,0,0,0,0,0
"ASV333",0,0,0,0,0,0,0,0,0,0,0,0,0,0,0,0,0,0,0,7,0,0,17,0,11,0,0,0,0,0,0,0,0,0
"ASV334",0,0,0,0,0,0,0,0,0,0,0,0,0,0,0,0,0,0,0,0,0,0,0,35,0,0,0,0,0,0,0,0,0,0
"ASV335",0,0,0,0,0,0,0,0,0,0,0,16,0,4,0,0,0,0,0,0,0,0,0,0,14,0,0,0,0,0,0,0,0,0
"ASV336",0,0,0,0,0,0,0,0,0,0,0,0,0,0,0,0,0,0,0,14,0,0,0,0,20,0,0,0,0,0,0,0,0,0
"ASV337",0,0,0,0,0,0,0,0,0,0,0,0,8,0,0,0,0,0,0,0,0,0,0,0,0,0,0,7,0,10,0,8,0,0
"ASV338",0,0,0,0,0,0,0,0,0,0,0,0,0,0,0,24,0,0,0,0,0,0,0,9,0,0,0,0,0,0,0,0,0,0
"ASV339",0,0,0,0,0,0,0,0,0,0,0,0,0,0,0,18,0,0,0,0,0,0,0,15,0,0,0,0,0,0,0,0,0,0
"ASV340",0,0,0,0,5,12,15,0,0,0,0,0,0,0,0,0,0,0,0,0,0,0,0,0,0,0,0,0,0,0,0,0,0,0
"ASV341",0,0,0,0,0,13,19,0,0,0,0,0,0,0,0,0,0,0,0,0,0,0,0,0,0,0,0,0,0,0,0,0,0,0
"ASV342",0,0,0,0,0,0,0,0,0,0,32,0,0,0,0,0,0,0,0,0,0,0,0,0,0,0,0,0,0,0,0,0,0,0
"ASV343",0,0,0,0,0,0,0,0,0,0,22,0,0,0,10,0,0,0,0,0,0,0,0,0,0,0,0,0,0,0,0,0,0,0
"ASV344",0,0,0,0,0,0,0,0,0,0,10,0,0,0,0,0,0,0,0,0,0,0,0,0,22,0,0,0,0,0,0,0,0,0
"ASV345",0,0,31,0,0,0,0,0,0,0,0,0,0,0,0,0,0,0,0,0,0,0,0,0,0,0,0,0,0,0,0,0,0,0
"ASV346",0,0,0,0,0,0,0,0,9,0,0,0,0,0,0,0,0,0,0,0,0,0,0,0,22,0,0,0,0,0,0,0,0,0
"ASV347",0,0,0,0,0,0,0,0,0,0,0,22,0,0,0,0,0,0,0,0,9,0,0,0,0,0,0,0,0,0,0,0,0,0
"ASV348",0,0,0,0,0,0,0,0,0,0,0,0,0,0,0,0,0,0,0,0,0,0,10,0,0,0,0,0,2,13,0,2,4,0
"ASV349",0,0,0,0,0,0,0,0,0,0,0,0,0,0,0,0,0,0,0,0,0,0,0,31,0,0,0,0,0,0,0,0,0,0
"ASV350",0,0,0,0,0,0,0,0,0,0,0,0,0,0,0,0,0,0,0,0,0,0,0,31,0,0,0,0,0,0,0,0,0,0
"ASV351",0,0,0,0,0,0,0,0,0,0,9,0,0,0,0,0,0,2,0,0,0,0,19,0,0,0,0,0,0,0,0,0,0,0
"ASV352",0,0,0,0,0,0,0,0,0,0,30,0,0,0,0,0,0,0,0,0,0,0,0,0,0,0,0,0,0,0,0,0,0,0
"ASV353",0,0,0,0,0,0,0,0,0,0,0,0,0,0,0,0,0,0,0,0,0,0,0,0,0,0,0,5,0,0,0,5,7,13
"ASV354",0,0,10,11,8,0,0,0,0,0,0,0,0,0,0,0,0,0,0,0,0,0,0,0,0,0,0,0,0,0,0,0,0,0
"ASV355",0,0,11,9,9,0,0,0,0,0,0,0,0,0,0,0,0,0,0,0,0,0,0,0,0,0,0,0,0,0,0,0,0,0
"ASV356",0,0,0,0,29,0,0,0,0,0,0,0,0,0,0,0,0,0,0,0,0,0,0,0,0,0,0,0,0,0,0,0,0,0
"ASV357",0,0,0,0,0,0,0,0,0,0,0,0,0,0,0,29,0,0,0,0,0,0,0,0,0,0,0,0,0,0,0,0,0,0
"ASV358",8,11,0,0,0,0,0,9,0,0,0,0,0,0,0,0,0,0,0,0,0,0,0,0,0,0,0,0,0,0,0,0,0,0
"ASV359",0,0,0,0,0,0,0,0,8,0,0,0,0,0,0,0,0,0,0,0,0,0,0,20,0,0,0,0,0,0,0,0,0,0
"ASV360",0,0,0,0,0,0,0,0,2,0,0,4,0,0,0,16,0,0,0,0,0,0,0,6,0,0,0,0,0,0,0,0,0,0
"ASV361",0,0,0,0,0,0,0,0,0,0,8,10,0,0,0,0,0,0,0,0,0,0,0,0,10,0,0,0,0,0,0,0,0,0
"ASV362",0,0,0,0,0,0,0,0,0,0,0,28,0,0,0,0,0,0,0,0,0,0,0,0,0,0,0,0,0,0,0,0,0,0
"ASV363",0,0,0,0,0,0,0,0,0,0,0,22,0,0,6,0,0,0,0,0,0,0,0,0,0,0,0,0,0,0,0,0,0,0
"ASV364",0,0,0,0,0,0,0,0,0,0,0,0,0,0,0,17,0,0,0,0,0,0,0,11,0,0,0,0,0,0,0,0,0,0
"ASV365",0,0,0,0,0,0,0,27,0,0,0,0,0,0,0,0,0,0,0,0,0,0,0,0,0,0,0,0,0,0,0,0,0,0
"ASV366",0,0,0,0,0,0,0,0,0,0,18,0,0,0,0,0,0,0,0,0,0,0,0,0,9,0,0,0,0,0,0,0,0,0
"ASV367",0,0,0,0,0,0,0,0,0,0,0,0,0,0,0,19,0,0,0,0,0,0,0,5,0,0,0,0,0,0,0,0,0,3
"ASV368",0,0,0,0,0,0,0,0,0,0,0,0,0,0,0,0,0,0,0,0,0,0,0,0,27,0,0,0,0,0,0,0,0,0
"ASV369",0,0,0,0,0,0,0,0,6,5,3,0,0,0,0,0,0,0,12,0,0,0,0,0,0,0,0,0,0,0,0,0,0,0
"ASV370",0,0,0,0,0,0,0,0,0,0,4,22,0,0,0,0,0,0,0,0,0,0,0,0,0,0,0,0,0,0,0,0,0,0
"ASV371",0,0,0,0,0,0,0,0,0,0,0,12,0,0,0,0,0,0,0,0,0,0,0,0,14,0,0,0,0,0,0,0,0,0
"ASV372",0,0,0,0,0,0,0,0,0,0,0,0,0,0,0,19,0,0,0,0,2,0,0,0,0,0,5,0,0,0,0,0,0,0
"ASV373",0,0,0,0,0,0,0,0,0,0,0,0,0,0,0,13,0,0,0,0,0,0,0,13,0,0,0,0,0,0,0,0,0,0
"ASV374",0,0,0,0,0,0,0,0,0,0,0,0,0,0,0,0,0,0,0,0,0,0,10,0,16,0,0,0,0,0,0,0,0,0
"ASV375",14,0,0,0,0,0,0,0,0,0,0,0,0,0,0,0,0,0,0,0,0,0,0,2,9,0,0,0,0,0,0,0,0,0
"ASV376",0,0,6,7,12,0,0,0,0,0,0,0,0,0,0,0,0,0,0,0,0,0,0,0,0,0,0,0,0,0,0,0,0,0
"ASV377",0,0,0,0,0,0,0,0,0,9,0,0,0,0,0,0,0,0,2,0,0,0,0,14,0,0,0,0,0,0,0,0,0,0
"ASV378",0,0,0,0,0,0,0,0,0,0,0,25,0,0,0,0,0,0,0,0,0,0,0,0,0,0,0,0,0,0,0,0,0,0
"ASV379",0,0,0,0,0,0,0,0,0,0,0,14,0,0,0,0,0,0,0,0,0,0,0,0,11,0,0,0,0,0,0,0,0,0
"ASV380",0,0,0,0,0,0,0,0,0,0,0,0,0,0,0,10,0,0,0,0,0,0,0,15,0,0,0,0,0,0,0,0,0,0
"ASV381",0,0,0,0,0,14,10,0,0,0,0,0,0,0,0,0,0,0,0,0,0,0,0,0,0,0,0,0,0,0,0,0,0,0
"ASV382",0,0,0,0,0,0,0,0,0,0,0,0,0,0,0,15,0,0,0,0,0,0,0,9,0,0,0,0,0,0,0,0,0,0
"ASV383",0,0,0,0,0,0,0,0,0,0,0,0,0,0,0,16,0,0,0,0,0,0,0,8,0,0,0,0,0,0,0,0,0,0
"ASV384",0,0,0,0,0,0,0,0,0,0,0,0,0,0,0,0,0,0,0,0,0,0,0,0,24,0,0,0,0,0,0,0,0,0
"ASV385",0,0,0,0,0,0,0,0,0,0,0,0,0,0,0,0,0,0,0,0,0,0,0,0,0,0,0,0,0,0,0,0,24,0
"ASV386",0,0,0,0,0,0,0,0,5,0,0,7,0,0,0,0,0,0,0,0,3,0,5,0,3,0,0,0,0,0,0,0,0,0
"ASV387",0,0,0,0,0,0,0,0,0,0,0,23,0,0,0,0,0,0,0,0,0,0,0,0,0,0,0,0,0,0,0,0,0,0
"ASV388",0,0,0,0,0,0,0,0,0,0,0,0,0,0,0,12,0,0,0,0,0,0,0,11,0,0,0,0,0,0,0,0,0,0
"ASV389",0,0,0,0,0,0,0,0,0,0,0,0,0,0,0,8,0,0,0,0,0,0,0,15,0,0,0,0,0,0,0,0,0,0
"ASV390",0,0,0,0,0,0,0,0,0,0,0,0,0,0,0,0,0,0,0,0,0,0,23,0,0,0,0,0,0,0,0,0,0,0
"ASV391",0,0,0,0,0,0,0,0,0,0,0,0,0,0,0,0,0,0,0,0,0,0,0,0,23,0,0,0,0,0,0,0,0,0
"ASV392",0,0,0,0,0,20,0,0,0,0,0,0,0,2,0,0,0,0,0,0,0,0,0,0,0,0,0,0,0,0,0,0,0,0
"ASV393",0,0,0,0,0,22,0,0,0,0,0,0,0,0,0,0,0,0,0,0,0,0,0,0,0,0,0,0,0,0,0,0,0,0
"ASV394",0,0,0,0,0,0,0,0,0,4,0,0,0,0,0,14,0,0,0,0,0,0,0,2,0,0,0,0,0,0,0,0,2,0
"ASV395",0,0,0,0,0,0,0,0,0,0,22,0,0,0,0,0,0,0,0,0,0,0,0,0,0,0,0,0,0,0,0,0,0,0
"ASV396",0,0,0,0,0,0,0,0,0,0,0,0,0,0,0,0,0,0,0,0,22,0,0,0,0,0,0,0,0,0,0,0,0,0
"ASV397",0,0,0,0,0,0,0,0,0,0,0,0,0,0,0,0,0,0,0,0,0,0,0,0,22,0,0,0,0,0,0,0,0,0
"ASV398",0,0,0,0,0,0,0,0,0,0,0,0,0,0,0,0,0,0,0,0,0,0,0,0,3,0,0,7,4,0,0,3,5,0
"ASV399",0,21,0,0,0,0,0,0,0,0,0,0,0,0,0,0,0,0,0,0,0,0,0,0,0,0,0,0,0,0,0,0,0,0
"ASV400",0,0,0,0,0,0,0,0,4,0,2,0,0,0,0,0,0,0,0,0,0,0,6,0,9,0,0,0,0,0,0,0,0,0
"ASV401",0,0,0,0,0,0,0,0,0,3,0,13,0,0,0,0,0,0,0,0,0,0,0,0,5,0,0,0,0,0,0,0,0,0
"ASV402",0,0,0,0,0,0,0,0,0,0,4,17,0,0,0,0,0,0,0,0,0,0,0,0,0,0,0,0,0,0,0,0,0,0
"ASV403",0,0,0,0,0,0,0,0,0,0,0,21,0,0,0,0,0,0,0,0,0,0,0,0,0,0,0,0,0,0,0,0,0,0
"ASV404",0,0,0,0,0,0,0,0,0,0,0,10,0,2,0,0,0,0,0,0,0,0,0,0,9,0,0,0,0,0,0,0,0,0
"ASV405",0,0,0,0,0,0,0,0,0,0,0,13,0,0,0,0,0,0,0,0,8,0,0,0,0,0,0,0,0,0,0,0,0,0
"ASV406",0,0,0,0,0,0,0,0,0,0,0,0,0,0,0,14,0,0,0,0,0,0,0,7,0,0,0,0,0,0,0,0,0,0
"ASV407",0,0,0,0,0,0,0,0,0,0,0,0,0,0,0,0,0,0,0,0,0,0,21,0,0,0,0,0,0,0,0,0,0,0
"ASV408",9,0,0,0,0,0,0,11,0,0,0,0,0,0,0,0,0,0,0,0,0,0,0,0,0,0,0,0,0,0,0,0,0,0
"ASV409",0,0,0,0,0,0,0,0,5,7,0,0,0,0,0,0,0,0,6,2,0,0,0,0,0,0,0,0,0,0,0,0,0,0
"ASV410",0,0,0,0,0,0,0,0,0,9,0,0,0,0,0,0,0,0,0,0,0,0,0,0,11,0,0,0,0,0,0,0,0,0
"ASV411",0,0,0,0,0,0,0,0,0,0,0,0,0,0,0,13,0,0,0,0,0,0,0,7,0,0,0,0,0,0,0,0,0,0
"ASV412",0,0,0,0,0,0,0,0,0,0,0,0,0,0,0,11,0,3,0,0,0,0,0,6,0,0,0,0,0,0,0,0,0,0
"ASV413",0,0,0,0,0,0,0,0,0,0,0,0,0,0,0,0,0,20,0,0,0,0,0,0,0,0,0,0,0,0,0,0,0,0
"ASV414",0,0,0,0,0,0,0,0,0,0,0,0,0,0,0,0,0,0,0,0,0,0,20,0,0,0,0,0,0,0,0,0,0,0
"ASV415",5,9,0,0,0,0,5,0,0,0,0,0,0,0,0,0,0,0,0,0,0,0,0,0,0,0,0,0,0,0,0,0,0,0
"ASV416",0,0,0,0,0,0,0,0,0,0,7,0,0,0,0,0,0,0,0,12,0,0,0,0,0,0,0,0,0,0,0,0,0,0
"ASV417",0,0,0,0,0,0,0,0,0,0,0,7,0,0,0,0,0,0,0,0,0,0,0,0,12,0,0,0,0,0,0,0,0,0
"ASV418",0,0,0,0,0,0,0,0,0,0,0,0,0,0,0,19,0,0,0,0,0,0,0,0,0,0,0,0,0,0,0,0,0,0
"ASV419",0,0,0,0,0,0,0,0,0,0,0,0,0,0,0,14,0,0,0,0,0,0,0,5,0,0,0,0,0,0,0,0,0,0
"ASV420",0,0,0,0,0,0,0,0,0,0,0,0,0,0,0,0,0,0,0,0,3,0,0,0,16,0,0,0,0,0,0,0,0,0
"ASV421",0,0,0,0,0,0,0,0,0,0,0,0,0,0,0,0,0,0,0,0,0,0,19,0,0,0,0,0,0,0,0,0,0,0
"ASV422",0,0,0,0,0,0,0,0,0,0,0,0,0,0,0,0,0,0,0,0,0,0,0,0,19,0,0,0,0,0,0,0,0,0
"ASV423",0,0,0,0,0,0,0,0,0,0,0,0,0,0,0,0,0,0,0,0,0,0,0,0,19,0,0,0,0,0,0,0,0,0
"ASV424",0,10,0,0,0,8,0,0,0,0,0,0,0,0,0,0,0,0,0,0,0,0,0,0,0,0,0,0,0,0,0,0,0,0
"ASV425",0,0,0,4,4,6,4,0,0,0,0,0,0,0,0,0,0,0,0,0,0,0,0,0,0,0,0,0,0,0,0,0,0,0
"ASV426",0,0,0,0,0,0,0,18,0,0,0,0,0,0,0,0,0,0,0,0,0,0,0,0,0,0,0,0,0,0,0,0,0,0
"ASV427",0,0,0,0,0,0,0,0,0,0,18,0,0,0,0,0,0,0,0,0,0,0,0,0,0,0,0,0,0,0,0,0,0,0
"ASV428",0,0,0,0,0,0,0,0,0,0,0,18,0,0,0,0,0,0,0,0,0,0,0,0,0,0,0,0,0,0,0,0,0,0
"ASV429",0,0,0,0,0,0,0,0,0,0,0,0,0,0,0,18,0,0,0,0,0,0,0,0,0,0,0,0,0,0,0,0,0,0
"ASV430",0,0,0,0,0,0,0,0,0,0,0,0,0,0,0,9,0,0,0,0,0,0,0,9,0,0,0,0,0,0,0,0,0,0
"ASV431",0,0,0,0,0,0,0,0,0,0,0,0,0,0,0,0,0,0,0,0,0,0,18,0,0,0,0,0,0,0,0,0,0,0
"ASV432",0,0,0,0,0,0,0,0,0,0,0,0,0,0,0,0,0,0,0,0,0,0,18,0,0,0,0,0,0,0,0,0,0,0
"ASV433",0,0,0,0,0,0,0,0,0,0,0,0,0,0,0,0,0,0,0,0,0,0,0,0,18,0,0,0,0,0,0,0,0,0
"ASV434",6,0,0,3,3,0,5,0,0,0,0,0,0,0,0,0,0,0,0,0,0,0,0,0,0,0,0,0,0,0,0,0,0,0
"ASV435",0,17,0,0,0,0,0,0,0,0,0,0,0,0,0,0,0,0,0,0,0,0,0,0,0,0,0,0,0,0,0,0,0,0
"ASV436",0,17,0,0,0,0,0,0,0,0,0,0,0,0,0,0,0,0,0,0,0,0,0,0,0,0,0,0,0,0,0,0,0,0
"ASV437",0,0,0,0,0,0,0,0,0,0,8,0,0,0,0,0,0,0,0,0,0,0,9,0,0,0,0,0,0,0,0,0,0,0
"ASV438",0,0,0,0,0,0,0,0,0,0,0,12,0,0,0,0,0,0,0,0,5,0,0,0,0,0,0,0,0,0,0,0,0,0
"ASV439",0,0,0,0,0,0,0,0,0,0,0,17,0,0,0,0,0,0,0,0,0,0,0,0,0,0,0,0,0,0,0,0,0,0
"ASV440",0,0,0,0,0,0,0,0,0,0,0,0,0,0,0,17,0,0,0,0,0,0,0,0,0,0,0,0,0,0,0,0,0,0
"ASV441",0,0,0,0,0,0,0,0,0,0,0,0,0,0,0,10,0,0,0,0,0,0,0,7,0,0,0,0,0,0,0,0,0,0
"ASV442",0,0,0,0,0,0,0,0,0,0,0,0,0,0,0,0,0,0,0,0,0,0,12,0,5,0,0,0,0,0,0,0,0,0
"ASV443",0,0,0,0,0,0,0,0,0,0,0,0,0,0,0,0,0,0,0,0,0,0,17,0,0,0,0,0,0,0,0,0,0,0
"ASV444",0,0,0,0,0,0,0,0,0,0,16,0,0,0,0,0,0,0,0,0,0,0,0,0,0,0,0,0,0,0,0,0,0,0
"ASV445",0,0,0,0,0,0,0,0,0,0,0,8,0,0,0,0,0,0,0,0,8,0,0,0,0,0,0,0,0,0,0,0,0,0
"ASV446",0,0,0,0,0,0,0,0,0,0,0,16,0,0,0,0,0,0,0,0,0,0,0,0,0,0,0,0,0,0,0,0,0,0
"ASV447",0,0,0,0,0,0,0,0,0,0,0,0,0,0,0,0,0,16,0,0,0,0,0,0,0,0,0,0,0,0,0,0,0,0
"ASV448",0,0,0,0,0,0,0,0,0,0,0,0,0,0,0,0,0,0,0,0,16,0,0,0,0,0,0,0,0,0,0,0,0,0
"ASV449",0,0,0,0,0,0,0,0,0,0,0,0,0,0,0,0,0,0,0,0,0,0,16,0,0,0,0,0,0,0,0,0,0,0
"ASV450",0,0,0,0,0,0,0,0,0,0,0,0,0,0,0,0,0,0,0,0,0,0,0,16,0,0,0,0,0,0,0,0,0,0
"ASV451",0,0,0,0,0,0,0,0,0,0,0,0,0,0,0,0,0,0,0,0,0,0,0,0,0,0,0,0,0,0,0,0,0,16
"ASV452",15,0,0,0,0,0,0,0,0,0,0,0,0,0,0,0,0,0,0,0,0,0,0,0,0,0,0,0,0,0,0,0,0,0
"ASV453",0,0,0,15,0,0,0,0,0,0,0,0,0,0,0,0,0,0,0,0,0,0,0,0,0,0,0,0,0,0,0,0,0,0
"ASV454",0,0,0,0,15,0,0,0,0,0,0,0,0,0,0,0,0,0,0,0,0,0,0,0,0,0,0,0,0,0,0,0,0,0
"ASV455",0,0,0,0,0,0,0,0,15,0,0,0,0,0,0,0,0,0,0,0,0,0,0,0,0,0,0,0,0,0,0,0,0,0
"ASV456",0,0,0,0,0,0,0,0,6,0,0,0,0,0,0,0,0,0,0,0,0,0,0,0,9,0,0,0,0,0,0,0,0,0
"ASV457",0,0,0,0,0,0,0,0,7,8,0,0,0,0,0,0,0,0,0,0,0,0,0,0,0,0,0,0,0,0,0,0,0,0
"ASV458",0,0,0,0,0,0,0,0,4,0,0,11,0,0,0,0,0,0,0,0,0,0,0,0,0,0,0,0,0,0,0,0,0,0
"ASV459",0,0,0,0,0,0,0,0,5,3,0,0,0,0,0,0,0,0,0,0,0,0,2,0,5,0,0,0,0,0,0,0,0,0
"ASV460",0,0,0,0,0,0,0,0,0,0,8,0,0,0,0,0,0,0,0,0,0,0,0,0,7,0,0,0,0,0,0,0,0,0
"ASV461",0,0,0,0,0,0,0,0,0,0,0,4,0,0,0,0,0,0,0,0,3,0,0,0,8,0,0,0,0,0,0,0,0,0
"ASV462",0,0,0,0,0,0,0,0,0,0,0,15,0,0,0,0,0,0,0,0,0,0,0,0,0,0,0,0,0,0,0,0,0,0
"ASV463",0,0,0,0,0,0,0,0,0,0,0,0,0,0,0,8,0,0,0,0,0,0,0,7,0,0,0,0,0,0,0,0,0,0
"ASV464",0,0,0,0,0,0,0,0,0,0,0,0,0,0,0,0,0,0,0,0,0,0,9,0,6,0,0,0,0,0,0,0,0,0
"ASV465",0,0,0,0,0,0,0,0,0,0,0,0,0,0,0,0,0,0,0,0,0,0,10,5,0,0,0,0,0,0,0,0,0,0
"ASV466",0,0,0,0,0,0,0,0,0,0,0,0,0,0,0,0,0,0,0,0,0,0,0,0,15,0,0,0,0,0,0,0,0,0
"ASV467",0,0,0,0,0,0,0,0,0,0,0,0,0,0,0,0,0,0,0,0,0,0,0,0,15,0,0,0,0,0,0,0,0,0
"ASV468",0,0,0,0,0,0,0,0,0,0,0,0,0,0,0,0,0,0,0,0,0,0,0,0,15,0,0,0,0,0,0,0,0,0
"ASV469",0,0,0,14,0,0,0,0,0,0,0,0,0,0,0,0,0,0,0,0,0,0,0,0,0,0,0,0,0,0,0,0,0,0
"ASV470",0,0,0,0,0,7,7,0,0,0,0,0,0,0,0,0,0,0,0,0,0,0,0,0,0,0,0,0,0,0,0,0,0,0
"ASV471",0,0,0,0,0,0,0,0,14,0,0,0,0,0,0,0,0,0,0,0,0,0,0,0,0,0,0,0,0,0,0,0,0,0
"ASV472",0,0,0,0,0,0,0,0,0,0,14,0,0,0,0,0,0,0,0,0,0,0,0,0,0,0,0,0,0,0,0,0,0,0
"ASV473",0,0,0,0,0,0,0,0,0,0,5,0,0,0,0,0,0,0,0,4,2,0,3,0,0,0,0,0,0,0,0,0,0,0
"ASV474",0,0,0,0,0,0,0,0,0,0,14,0,0,0,0,0,0,0,0,0,0,0,0,0,0,0,0,0,0,0,0,0,0,0
"ASV475",0,0,0,0,0,0,0,0,0,0,0,14,0,0,0,0,0,0,0,0,0,0,0,0,0,0,0,0,0,0,0,0,0,0
"ASV476",0,0,0,0,0,0,0,0,0,0,0,0,0,0,0,6,0,0,0,0,0,0,0,8,0,0,0,0,0,0,0,0,0,0
"ASV477",0,0,0,0,0,0,0,0,0,0,0,0,0,0,0,14,0,0,0,0,0,0,0,0,0,0,0,0,0,0,0,0,0,0
"ASV478",0,0,0,0,0,0,0,0,0,0,0,0,0,0,0,0,0,0,0,0,0,0,14,0,0,0,0,0,0,0,0,0,0,0
"ASV479",0,0,0,0,0,0,0,0,0,0,0,0,0,0,0,0,0,0,0,0,0,0,0,0,14,0,0,0,0,0,0,0,0,0
"ASV480",0,0,0,0,0,0,0,0,0,0,0,0,0,0,0,0,0,0,0,0,0,0,0,0,14,0,0,0,0,0,0,0,0,0
"ASV481",0,0,0,0,0,0,0,0,0,0,0,0,0,0,0,0,0,0,0,0,0,0,0,0,14,0,0,0,0,0,0,0,0,0
"ASV482",0,0,0,0,0,0,0,0,0,0,0,0,0,0,0,0,0,0,0,0,0,0,0,0,14,0,0,0,0,0,0,0,0,0
"ASV483",0,0,0,0,0,0,0,0,0,0,0,0,0,0,0,0,0,0,0,0,0,0,0,0,14,0,0,0,0,0,0,0,0,0
"ASV484",0,0,0,0,0,0,0,0,0,0,0,0,0,0,0,0,0,0,0,0,0,0,0,0,14,0,0,0,0,0,0,0,0,0
"ASV485",0,0,13,0,0,0,0,0,0,0,0,0,0,0,0,0,0,0,0,0,0,0,0,0,0,0,0,0,0,0,0,0,0,0
"ASV486",0,0,13,0,0,0,0,0,0,0,0,0,0,0,0,0,0,0,0,0,0,0,0,0,0,0,0,0,0,0,0,0,0,0
"ASV487",0,0,0,13,0,0,0,0,0,0,0,0,0,0,0,0,0,0,0,0,0,0,0,0,0,0,0,0,0,0,0,0,0,0
"ASV488",0,0,0,0,0,0,0,0,7,0,0,0,0,0,0,0,0,0,0,0,0,0,6,0,0,0,0,0,0,0,0,0,0,0
"ASV489",0,0,0,0,0,0,0,0,3,0,0,0,0,0,0,0,0,0,0,0,0,0,0,0,10,0,0,0,0,0,0,0,0,0
"ASV490",0,0,0,0,0,0,0,0,0,0,13,0,0,0,0,0,0,0,0,0,0,0,0,0,0,0,0,0,0,0,0,0,0,0
"ASV491",0,0,0,0,0,0,0,0,0,0,0,0,9,0,0,0,0,0,0,0,0,0,0,0,0,0,0,0,0,0,0,4,0,0
"ASV492",0,0,0,0,0,0,0,0,0,0,0,0,0,13,0,0,0,0,0,0,0,0,0,0,0,0,0,0,0,0,0,0,0,0
"ASV493",0,0,0,0,0,0,0,0,0,0,0,0,0,8,0,0,0,0,0,0,0,0,0,5,0,0,0,0,0,0,0,0,0,0
"ASV494",0,0,0,0,0,0,0,0,0,0,0,0,0,0,0,13,0,0,0,0,0,0,0,0,0,0,0,0,0,0,0,0,0,0
"ASV495",0,0,0,0,0,0,0,0,0,0,0,0,0,0,0,13,0,0,0,0,0,0,0,0,0,0,0,0,0,0,0,0,0,0
"ASV496",0,0,0,0,0,0,0,0,0,0,0,0,0,0,0,0,0,13,0,0,0,0,0,0,0,0,0,0,0,0,0,0,0,0
"ASV497",0,0,0,0,0,0,0,0,0,0,0,0,0,0,0,0,0,0,0,0,0,0,13,0,0,0,0,0,0,0,0,0,0,0
"ASV498",0,0,0,0,0,0,0,0,0,0,0,0,0,0,0,0,0,0,0,0,0,0,13,0,0,0,0,0,0,0,0,0,0,0
"ASV499",0,0,0,0,0,0,0,0,0,0,0,0,0,0,0,0,0,0,0,0,0,0,0,0,13,0,0,0,0,0,0,0,0,0
"ASV500",0,0,0,0,0,0,0,0,0,0,0,0,0,0,0,0,0,0,0,0,0,0,0,0,13,0,0,0,0,0,0,0,0,0
"ASV501",0,0,0,0,0,0,0,0,0,0,0,0,0,0,0,0,0,0,0,0,0,0,0,0,13,0,0,0,0,0,0,0,0,0
"ASV502",0,0,0,0,0,0,0,0,0,0,0,0,0,0,0,0,0,0,0,0,0,0,0,0,13,0,0,0,0,0,0,0,0,0
"ASV503",0,7,0,0,0,0,0,0,5,0,0,0,0,0,0,0,0,0,0,0,0,0,0,0,0,0,0,0,0,0,0,0,0,0
"ASV504",0,8,0,0,0,0,0,0,0,0,0,0,4,0,0,0,0,0,0,0,0,0,0,0,0,0,0,0,0,0,0,0,0,0
"ASV505",0,0,0,0,0,0,0,12,0,0,0,0,0,0,0,0,0,0,0,0,0,0,0,0,0,0,0,0,0,0,0,0,0,0
"ASV506",0,0,0,0,0,0,0,0,5,0,0,0,0,0,0,0,0,0,0,0,0,0,0,0,7,0,0,0,0,0,0,0,0,0
"ASV507",0,0,0,0,0,0,0,0,0,0,9,0,0,0,0,0,0,0,0,0,0,0,3,0,0,0,0,0,0,0,0,0,0,0
"ASV508",0,0,0,0,0,0,0,0,0,0,12,0,0,0,0,0,0,0,0,0,0,0,0,0,0,0,0,0,0,0,0,0,0,0
"ASV509",0,0,0,0,0,0,0,0,0,0,0,6,0,0,0,0,0,0,0,0,6,0,0,0,0,0,0,0,0,0,0,0,0,0
"ASV510",0,0,0,0,0,0,0,0,0,0,0,12,0,0,0,0,0,0,0,0,0,0,0,0,0,0,0,0,0,0,0,0,0,0
"ASV511",0,0,0,0,0,0,0,0,0,0,0,0,12,0,0,0,0,0,0,0,0,0,0,0,0,0,0,0,0,0,0,0,0,0
"ASV512",0,0,0,0,0,0,0,0,0,0,0,0,0,0,0,3,0,0,0,0,0,0,0,9,0,0,0,0,0,0,0,0,0,0
"ASV513",0,0,0,0,0,0,0,0,0,0,0,0,0,0,0,0,0,0,0,0,0,12,0,0,0,0,0,0,0,0,0,0,0,0
"ASV514",0,0,0,0,0,0,0,0,0,0,0,0,0,0,0,0,0,0,0,0,0,0,12,0,0,0,0,0,0,0,0,0,0,0
"ASV515",0,0,0,0,0,0,0,0,0,0,0,0,0,0,0,0,0,0,0,0,0,0,12,0,0,0,0,0,0,0,0,0,0,0
"ASV516",0,0,0,0,0,0,0,0,0,0,0,0,0,0,0,0,0,0,0,0,0,0,0,12,0,0,0,0,0,0,0,0,0,0
"ASV517",0,0,0,0,0,0,0,0,0,0,0,0,0,0,0,0,0,0,0,0,0,0,0,0,12,0,0,0,0,0,0,0,0,0
"ASV518",0,0,0,0,0,0,0,0,0,0,0,0,0,0,0,0,0,0,0,0,0,0,0,0,12,0,0,0,0,0,0,0,0,0
"ASV519",0,0,0,11,0,0,0,0,0,0,0,0,0,0,0,0,0,0,0,0,0,0,0,0,0,0,0,0,0,0,0,0,0,0
"ASV520",0,0,0,0,0,0,0,0,11,0,0,0,0,0,0,0,0,0,0,0,0,0,0,0,0,0,0,0,0,0,0,0,0,0
"ASV521",0,0,0,0,0,0,0,0,5,0,0,0,0,0,0,0,0,0,0,0,0,0,0,6,0,0,0,0,0,0,0,0,0,0
"ASV522",0,0,0,0,0,0,0,0,0,11,0,0,0,0,0,0,0,0,0,0,0,0,0,0,0,0,0,0,0,0,0,0,0,0
"ASV523",0,0,0,0,0,0,0,0,0,0,3,0,0,0,0,0,0,0,0,0,0,0,0,0,8,0,0,0,0,0,0,0,0,0
"ASV524",0,0,0,0,0,0,0,0,0,0,0,11,0,0,0,0,0,0,0,0,0,0,0,0,0,0,0,0,0,0,0,0,0,0
"ASV525",0,0,0,0,0,0,0,0,0,0,0,4,0,0,0,0,0,0,0,0,0,0,0,0,7,0,0,0,0,0,0,0,0,0
"ASV526",0,0,0,0,0,0,0,0,0,0,0,0,0,4,0,0,0,0,0,0,7,0,0,0,0,0,0,0,0,0,0,0,0,0
"ASV527",0,0,0,0,0,0,0,0,0,0,0,0,0,0,11,0,0,0,0,0,0,0,0,0,0,0,0,0,0,0,0,0,0,0
"ASV528",0,0,0,0,0,0,0,0,0,0,0,0,0,0,0,11,0,0,0,0,0,0,0,0,0,0,0,0,0,0,0,0,0,0
"ASV529",0,0,0,0,0,0,0,0,0,0,0,0,0,0,0,0,0,0,0,0,0,0,2,0,9,0,0,0,0,0,0,0,0,0
"ASV530",0,0,0,0,0,0,0,0,0,0,0,0,0,0,0,0,0,0,0,0,0,0,0,11,0,0,0,0,0,0,0,0,0,0
"ASV531",7,0,0,0,0,0,0,0,0,0,0,0,0,0,0,0,0,0,0,0,0,0,0,0,3,0,0,0,0,0,0,0,0,0
"ASV532",0,10,0,0,0,0,0,0,0,0,0,0,0,0,0,0,0,0,0,0,0,0,0,0,0,0,0,0,0,0,0,0,0,0
"ASV533",0,0,0,0,0,0,0,0,10,0,0,0,0,0,0,0,0,0,0,0,0,0,0,0,0,0,0,0,0,0,0,0,0,0
"ASV534",0,0,0,0,0,0,0,0,0,3,2,2,0,0,0,0,0,0,0,0,0,0,3,0,0,0,0,0,0,0,0,0,0,0
"ASV535",0,0,0,0,0,0,0,0,0,10,0,0,0,0,0,0,0,0,0,0,0,0,0,0,0,0,0,0,0,0,0,0,0,0
"ASV536",0,0,0,0,0,0,0,0,0,0,5,5,0,0,0,0,0,0,0,0,0,0,0,0,0,0,0,0,0,0,0,0,0,0
"ASV537",0,0,0,0,0,0,0,0,0,0,0,4,0,0,0,0,0,0,0,0,6,0,0,0,0,0,0,0,0,0,0,0,0,0
"ASV538",0,0,0,0,0,0,0,0,0,0,0,10,0,0,0,0,0,0,0,0,0,0,0,0,0,0,0,0,0,0,0,0,0,0
"ASV539",0,0,0,0,0,0,0,0,0,0,0,0,10,0,0,0,0,0,0,0,0,0,0,0,0,0,0,0,0,0,0,0,0,0
"ASV540",0,0,0,0,0,0,0,0,0,0,0,0,2,0,0,0,0,0,0,0,0,0,0,8,0,0,0,0,0,0,0,0,0,0
"ASV541",0,0,0,0,0,0,0,0,0,0,0,0,0,10,0,0,0,0,0,0,0,0,0,0,0,0,0,0,0,0,0,0,0,0
"ASV542",0,0,0,0,0,0,0,0,0,0,0,0,0,0,0,3,0,0,0,0,0,0,0,0,0,0,0,0,0,0,0,7,0,0
"ASV543",0,0,0,0,0,0,0,0,0,0,0,0,0,0,0,10,0,0,0,0,0,0,0,0,0,0,0,0,0,0,0,0,0,0
"ASV544",0,0,0,0,0,0,0,0,0,0,0,0,0,0,0,10,0,0,0,0,0,0,0,0,0,0,0,0,0,0,0,0,0,0
"ASV545",0,0,0,0,0,0,0,0,0,0,0,0,0,0,0,10,0,0,0,0,0,0,0,0,0,0,0,0,0,0,0,0,0,0
"ASV546",0,0,0,0,0,0,0,0,0,0,0,0,0,0,0,0,0,0,0,0,0,0,10,0,0,0,0,0,0,0,0,0,0,0
"ASV547",0,0,0,0,0,0,0,0,0,0,0,0,0,0,0,0,0,0,0,0,0,0,10,0,0,0,0,0,0,0,0,0,0,0
"ASV548",0,0,0,0,0,0,0,0,0,0,0,0,0,0,0,0,0,0,0,0,0,0,0,10,0,0,0,0,0,0,0,0,0,0
"ASV549",0,0,0,0,0,0,0,0,0,0,0,0,0,0,0,0,0,0,0,0,0,0,0,10,0,0,0,0,0,0,0,0,0,0
"ASV550",0,0,0,0,0,0,0,0,0,0,0,0,0,0,0,0,0,0,0,0,0,0,0,0,10,0,0,0,0,0,0,0,0,0
"ASV551",0,0,0,0,0,0,0,0,0,0,0,0,0,0,0,0,0,0,0,0,0,0,0,0,10,0,0,0,0,0,0,0,0,0
"ASV552",0,0,0,0,0,0,0,0,0,0,0,0,0,0,0,0,0,0,0,0,0,0,0,0,10,0,0,0,0,0,0,0,0,0
"ASV553",0,0,0,0,0,0,0,0,0,0,0,0,0,0,0,0,0,0,0,0,0,0,0,0,10,0,0,0,0,0,0,0,0,0
"ASV554",0,0,0,0,0,0,0,0,0,0,0,0,0,0,0,0,0,0,0,0,0,0,0,0,0,0,0,10,0,0,0,0,0,0
"ASV555",0,0,0,0,0,0,0,0,0,0,0,0,0,0,0,0,0,0,0,0,0,0,0,0,0,0,0,0,0,0,0,10,0,0
"ASV556",0,0,5,0,4,0,0,0,0,0,0,0,0,0,0,0,0,0,0,0,0,0,0,0,0,0,0,0,0,0,0,0,0,0
"ASV557",0,0,0,0,0,0,9,0,0,0,0,0,0,0,0,0,0,0,0,0,0,0,0,0,0,0,0,0,0,0,0,0,0,0
"ASV558",0,0,0,0,0,0,0,9,0,0,0,0,0,0,0,0,0,0,0,0,0,0,0,0,0,0,0,0,0,0,0,0,0,0
"ASV559",0,0,0,0,0,0,0,0,9,0,0,0,0,0,0,0,0,0,0,0,0,0,0,0,0,0,0,0,0,0,0,0,0,0
"ASV560",0,0,0,0,0,0,0,0,0,5,0,0,0,0,0,0,0,0,0,0,0,0,0,0,4,0,0,0,0,0,0,0,0,0
"ASV561",0,0,0,0,0,0,0,0,0,0,0,6,0,0,0,0,0,0,0,0,0,0,3,0,0,0,0,0,0,0,0,0,0,0
"ASV562",0,0,0,0,0,0,0,0,0,0,0,9,0,0,0,0,0,0,0,0,0,0,0,0,0,0,0,0,0,0,0,0,0,0
"ASV563",0,0,0,0,0,0,0,0,0,0,0,5,0,0,0,0,0,0,0,0,0,0,0,0,4,0,0,0,0,0,0,0,0,0
"ASV564",0,0,0,0,0,0,0,0,0,0,0,0,0,9,0,0,0,0,0,0,0,0,0,0,0,0,0,0,0,0,0,0,0,0
"ASV565",0,0,0,0,0,0,0,0,0,0,0,0,0,9,0,0,0,0,0,0,0,0,0,0,0,0,0,0,0,0,0,0,0,0
"ASV566",0,0,0,0,0,0,0,0,0,0,0,0,0,0,0,0,0,0,0,0,9,0,0,0,0,0,0,0,0,0,0,0,0,0
"ASV567",0,0,0,0,0,0,0,0,0,0,0,0,0,0,0,0,0,0,0,0,0,0,9,0,0,0,0,0,0,0,0,0,0,0
"ASV568",0,0,0,0,0,0,0,0,0,0,0,0,0,0,0,0,0,0,0,0,0,0,0,0,9,0,0,0,0,0,0,0,0,0
"ASV569",0,0,0,0,0,0,0,0,0,0,0,0,0,0,0,0,0,0,0,0,0,0,0,0,9,0,0,0,0,0,0,0,0,0
"ASV570",0,0,0,0,0,0,0,0,0,0,0,0,0,0,0,0,0,0,0,0,0,0,0,0,9,0,0,0,0,0,0,0,0,0
"ASV571",0,0,0,0,0,0,0,0,0,0,0,0,0,0,0,0,0,0,0,0,0,0,0,0,9,0,0,0,0,0,0,0,0,0
"ASV572",0,0,0,0,0,0,0,0,0,0,0,0,0,0,0,0,0,0,0,0,0,0,0,0,0,0,0,0,0,0,0,9,0,0
"ASV573",0,0,0,0,0,0,0,0,0,0,0,0,0,0,0,0,0,0,0,0,0,0,0,0,0,0,0,0,0,0,0,9,0,0
"ASV574",0,0,0,0,0,0,0,0,0,0,0,0,0,0,0,0,0,0,0,0,0,0,0,0,0,0,0,0,0,0,0,7,2,0
"ASV575",0,0,8,0,0,0,0,0,0,0,0,0,0,0,0,0,0,0,0,0,0,0,0,0,0,0,0,0,0,0,0,0,0,0
"ASV576",0,0,8,0,0,0,0,0,0,0,0,0,0,0,0,0,0,0,0,0,0,0,0,0,0,0,0,0,0,0,0,0,0,0
"ASV577",0,0,0,0,0,5,3,0,0,0,0,0,0,0,0,0,0,0,0,0,0,0,0,0,0,0,0,0,0,0,0,0,0,0
"ASV578",0,0,0,0,0,0,0,0,0,3,0,0,0,0,0,3,0,0,0,0,0,0,0,2,0,0,0,0,0,0,0,0,0,0
"ASV579",0,0,0,0,0,0,0,0,0,8,0,0,0,0,0,0,0,0,0,0,0,0,0,0,0,0,0,0,0,0,0,0,0,0
"ASV580",0,0,0,0,0,0,0,0,0,0,0,8,0,0,0,0,0,0,0,0,0,0,0,0,0,0,0,0,0,0,0,0,0,0
"ASV581",0,0,0,0,0,0,0,0,0,0,0,0,0,0,0,6,0,0,0,0,0,0,0,2,0,0,0,0,0,0,0,0,0,0
"ASV582",0,0,0,0,0,0,0,0,0,0,0,0,0,0,0,8,0,0,0,0,0,0,0,0,0,0,0,0,0,0,0,0,0,0
"ASV583",0,0,0,0,0,0,0,0,0,0,0,0,0,0,0,8,0,0,0,0,0,0,0,0,0,0,0,0,0,0,0,0,0,0
"ASV584",0,0,0,0,0,0,0,0,0,0,0,0,0,0,0,0,0,8,0,0,0,0,0,0,0,0,0,0,0,0,0,0,0,0
"ASV585",0,0,0,0,0,0,0,0,0,0,0,0,0,0,0,0,0,8,0,0,0,0,0,0,0,0,0,0,0,0,0,0,0,0
"ASV586",0,0,0,0,0,0,0,0,0,0,0,0,0,0,0,0,0,0,0,0,8,0,0,0,0,0,0,0,0,0,0,0,0,0
"ASV587",0,0,0,0,0,0,0,0,0,0,0,0,0,0,0,0,0,0,0,0,8,0,0,0,0,0,0,0,0,0,0,0,0,0
"ASV588",0,0,0,0,0,0,0,0,0,0,0,0,0,0,0,0,0,0,0,0,0,0,8,0,0,0,0,0,0,0,0,0,0,0
"ASV589",0,0,0,0,0,0,0,0,0,0,0,0,0,0,0,0,0,0,0,0,0,0,0,8,0,0,0,0,0,0,0,0,0,0
"ASV590",0,0,0,0,0,0,0,0,0,0,0,0,0,0,0,0,0,0,0,0,0,0,0,0,8,0,0,0,0,0,0,0,0,0
"ASV591",0,0,0,0,0,0,0,0,0,0,0,0,0,0,0,0,0,0,0,0,0,0,0,0,8,0,0,0,0,0,0,0,0,0
"ASV592",0,0,0,0,0,0,0,0,0,0,0,0,0,0,0,0,0,0,0,0,0,0,0,0,8,0,0,0,0,0,0,0,0,0
"ASV593",0,0,0,0,0,0,0,0,0,0,0,0,0,0,0,0,0,0,0,0,0,0,0,0,8,0,0,0,0,0,0,0,0,0
"ASV594",0,0,0,0,0,0,0,0,0,0,0,0,0,0,0,0,0,0,0,0,0,0,0,0,8,0,0,0,0,0,0,0,0,0
"ASV595",0,0,0,0,0,0,0,0,0,0,0,0,0,0,0,0,0,0,0,0,0,0,0,0,8,0,0,0,0,0,0,0,0,0
"ASV596",0,0,0,0,0,0,0,0,0,0,0,0,0,0,0,0,0,0,0,0,0,0,0,0,8,0,0,0,0,0,0,0,0,0
"ASV597",0,0,0,0,0,0,0,0,0,0,0,0,0,0,0,0,0,0,0,0,0,0,0,0,0,8,0,0,0,0,0,0,0,0
"ASV598",0,7,0,0,0,0,0,0,0,0,0,0,0,0,0,0,0,0,0,0,0,0,0,0,0,0,0,0,0,0,0,0,0,0
"ASV599",0,0,0,7,0,0,0,0,0,0,0,0,0,0,0,0,0,0,0,0,0,0,0,0,0,0,0,0,0,0,0,0,0,0
"ASV600",0,0,0,0,0,0,7,0,0,0,0,0,0,0,0,0,0,0,0,0,0,0,0,0,0,0,0,0,0,0,0,0,0,0
"ASV601",0,0,0,0,0,0,0,7,0,0,0,0,0,0,0,0,0,0,0,0,0,0,0,0,0,0,0,0,0,0,0,0,0,0
"ASV602",0,0,0,0,0,0,0,0,7,0,0,0,0,0,0,0,0,0,0,0,0,0,0,0,0,0,0,0,0,0,0,0,0,0
"ASV603",0,0,0,0,0,0,0,0,7,0,0,0,0,0,0,0,0,0,0,0,0,0,0,0,0,0,0,0,0,0,0,0,0,0
"ASV604",0,0,0,0,0,0,0,0,7,0,0,0,0,0,0,0,0,0,0,0,0,0,0,0,0,0,0,0,0,0,0,0,0,0
"ASV605",0,0,0,0,0,0,0,0,7,0,0,0,0,0,0,0,0,0,0,0,0,0,0,0,0,0,0,0,0,0,0,0,0,0
"ASV606",0,0,0,0,0,0,0,0,0,7,0,0,0,0,0,0,0,0,0,0,0,0,0,0,0,0,0,0,0,0,0,0,0,0
"ASV607",0,0,0,0,0,0,0,0,0,0,0,0,0,0,0,7,0,0,0,0,0,0,0,0,0,0,0,0,0,0,0,0,0,0
"ASV608",0,0,0,0,0,0,0,0,0,0,0,0,0,0,0,7,0,0,0,0,0,0,0,0,0,0,0,0,0,0,0,0,0,0
"ASV609",0,0,0,0,0,0,0,0,0,0,0,0,0,0,0,7,0,0,0,0,0,0,0,0,0,0,0,0,0,0,0,0,0,0
"ASV610",0,0,0,0,0,0,0,0,0,0,0,0,0,0,0,0,0,0,0,0,7,0,0,0,0,0,0,0,0,0,0,0,0,0
"ASV611",0,0,0,0,0,0,0,0,0,0,0,0,0,0,0,0,0,0,0,0,0,0,7,0,0,0,0,0,0,0,0,0,0,0
"ASV612",0,0,0,0,0,0,0,0,0,0,0,0,0,0,0,0,0,0,0,0,0,0,0,0,7,0,0,0,0,0,0,0,0,0
"ASV613",0,0,0,0,0,0,0,0,0,0,0,0,0,0,0,0,0,0,0,0,0,0,0,0,7,0,0,0,0,0,0,0,0,0
"ASV614",0,0,0,0,0,0,0,0,0,0,0,0,0,0,0,0,0,0,0,0,0,0,0,0,7,0,0,0,0,0,0,0,0,0
"ASV615",0,0,0,0,0,0,0,0,0,0,0,0,0,0,0,0,0,0,0,0,0,0,0,0,7,0,0,0,0,0,0,0,0,0
"ASV616",0,0,0,6,0,0,0,0,0,0,0,0,0,0,0,0,0,0,0,0,0,0,0,0,0,0,0,0,0,0,0,0,0,0
"ASV617",0,0,0,0,0,0,0,0,0,6,0,0,0,0,0,0,0,0,0,0,0,0,0,0,0,0,0,0,0,0,0,0,0,0
"ASV618",0,0,0,0,0,0,0,0,0,6,0,0,0,0,0,0,0,0,0,0,0,0,0,0,0,0,0,0,0,0,0,0,0,0
"ASV619",0,0,0,0,0,0,0,0,0,0,6,0,0,0,0,0,0,0,0,0,0,0,0,0,0,0,0,0,0,0,0,0,0,0
"ASV620",0,0,0,0,0,0,0,0,0,0,6,0,0,0,0,0,0,0,0,0,0,0,0,0,0,0,0,0,0,0,0,0,0,0
"ASV621",0,0,0,0,0,0,0,0,0,0,0,6,0,0,0,0,0,0,0,0,0,0,0,0,0,0,0,0,0,0,0,0,0,0
"ASV622",0,0,0,0,0,0,0,0,0,0,0,6,0,0,0,0,0,0,0,0,0,0,0,0,0,0,0,0,0,0,0,0,0,0
"ASV623",0,0,0,0,0,0,0,0,0,0,0,6,0,0,0,0,0,0,0,0,0,0,0,0,0,0,0,0,0,0,0,0,0,0
"ASV624",0,0,0,0,0,0,0,0,0,0,0,0,0,0,0,6,0,0,0,0,0,0,0,0,0,0,0,0,0,0,0,0,0,0
"ASV625",0,0,0,0,0,0,0,0,0,0,0,0,0,0,0,2,0,0,0,0,0,0,4,0,0,0,0,0,0,0,0,0,0,0
"ASV626",0,0,0,0,0,0,0,0,0,0,0,0,0,0,0,6,0,0,0,0,0,0,0,0,0,0,0,0,0,0,0,0,0,0
"ASV627",0,0,0,0,0,0,0,0,0,0,0,0,0,0,0,6,0,0,0,0,0,0,0,0,0,0,0,0,0,0,0,0,0,0
"ASV628",0,0,0,0,0,0,0,0,0,0,0,0,0,0,0,0,0,0,0,0,0,0,6,0,0,0,0,0,0,0,0,0,0,0
"ASV629",0,0,0,0,0,0,0,0,0,0,0,0,0,0,0,0,0,0,0,0,0,0,2,0,4,0,0,0,0,0,0,0,0,0
"ASV630",0,0,0,0,0,0,0,0,0,0,0,0,0,0,0,0,0,0,0,0,0,0,0,6,0,0,0,0,0,0,0,0,0,0
"ASV631",0,0,0,0,0,0,0,0,0,0,0,0,0,0,0,0,0,0,0,0,0,0,0,0,6,0,0,0,0,0,0,0,0,0
"ASV632",0,0,0,0,0,0,0,0,0,0,0,0,0,0,0,0,0,0,0,0,0,0,0,0,6,0,0,0,0,0,0,0,0,0
"ASV633",0,0,0,0,0,0,0,0,0,0,0,0,0,0,0,0,0,0,0,0,0,0,0,0,6,0,0,0,0,0,0,0,0,0
"ASV634",0,0,0,0,0,0,0,0,0,0,0,0,0,0,0,0,0,0,0,0,0,0,0,0,6,0,0,0,0,0,0,0,0,0
"ASV635",5,0,0,0,0,0,0,0,0,0,0,0,0,0,0,0,0,0,0,0,0,0,0,0,0,0,0,0,0,0,0,0,0,0
"ASV636",0,0,5,0,0,0,0,0,0,0,0,0,0,0,0,0,0,0,0,0,0,0,0,0,0,0,0,0,0,0,0,0,0,0
"ASV637",0,0,2,3,0,0,0,0,0,0,0,0,0,0,0,0,0,0,0,0,0,0,0,0,0,0,0,0,0,0,0,0,0,0
"ASV638",0,0,0,5,0,0,0,0,0,0,0,0,0,0,0,0,0,0,0,0,0,0,0,0,0,0,0,0,0,0,0,0,0,0
"ASV639",0,0,0,2,0,0,0,3,0,0,0,0,0,0,0,0,0,0,0,0,0,0,0,0,0,0,0,0,0,0,0,0,0,0
"ASV640",0,0,0,0,0,0,0,0,5,0,0,0,0,0,0,0,0,0,0,0,0,0,0,0,0,0,0,0,0,0,0,0,0,0
"ASV641",0,0,0,0,0,0,0,0,5,0,0,0,0,0,0,0,0,0,0,0,0,0,0,0,0,0,0,0,0,0,0,0,0,0
"ASV642",0,0,0,0,0,0,0,0,5,0,0,0,0,0,0,0,0,0,0,0,0,0,0,0,0,0,0,0,0,0,0,0,0,0
"ASV643",0,0,0,0,0,0,0,0,3,0,0,0,0,0,0,0,0,2,0,0,0,0,0,0,0,0,0,0,0,0,0,0,0,0
"ASV644",0,0,0,0,0,0,0,0,2,0,3,0,0,0,0,0,0,0,0,0,0,0,0,0,0,0,0,0,0,0,0,0,0,0
"ASV645",0,0,0,0,0,0,0,0,0,5,0,0,0,0,0,0,0,0,0,0,0,0,0,0,0,0,0,0,0,0,0,0,0,0
"ASV646",0,0,0,0,0,0,0,0,0,0,0,5,0,0,0,0,0,0,0,0,0,0,0,0,0,0,0,0,0,0,0,0,0,0
"ASV647",0,0,0,0,0,0,0,0,0,0,0,0,0,0,0,0,5,0,0,0,0,0,0,0,0,0,0,0,0,0,0,0,0,0
"ASV648",0,0,0,0,0,0,0,0,0,0,0,0,0,0,0,0,0,0,0,0,0,0,5,0,0,0,0,0,0,0,0,0,0,0
"ASV649",0,0,0,0,0,0,0,0,0,0,0,0,0,0,0,0,0,0,0,0,0,0,5,0,0,0,0,0,0,0,0,0,0,0
"ASV650",0,0,0,0,0,0,0,0,0,0,0,0,0,0,0,0,0,0,0,0,0,0,5,0,0,0,0,0,0,0,0,0,0,0
"ASV651",0,0,0,0,0,0,0,0,0,0,0,0,0,0,0,0,0,0,0,0,0,0,5,0,0,0,0,0,0,0,0,0,0,0
"ASV652",0,0,0,0,0,0,0,0,0,0,0,0,0,0,0,0,0,0,0,0,0,0,5,0,0,0,0,0,0,0,0,0,0,0
"ASV653",0,0,0,0,0,0,0,0,0,0,0,0,0,0,0,0,0,0,0,0,0,0,0,5,0,0,0,0,0,0,0,0,0,0
"ASV654",0,0,0,0,0,0,0,0,0,0,0,0,0,0,0,0,0,0,0,0,0,0,0,5,0,0,0,0,0,0,0,0,0,0
"ASV655",0,0,0,0,0,0,0,0,0,0,0,0,0,0,0,0,0,0,0,0,0,0,0,0,5,0,0,0,0,0,0,0,0,0
"ASV656",0,0,0,0,0,0,0,0,0,0,0,0,0,0,0,0,0,0,0,0,0,0,0,0,5,0,0,0,0,0,0,0,0,0
"ASV657",0,0,0,0,0,0,0,0,0,0,0,0,0,0,0,0,0,0,0,0,0,0,0,0,5,0,0,0,0,0,0,0,0,0
"ASV658",0,0,0,0,0,0,0,0,0,0,0,0,0,0,0,0,0,0,0,0,0,0,0,0,5,0,0,0,0,0,0,0,0,0
"ASV659",0,0,0,0,0,0,0,0,0,0,0,0,0,0,0,0,0,0,0,0,0,0,0,0,5,0,0,0,0,0,0,0,0,0
"ASV660",0,0,0,0,0,0,0,0,0,0,0,0,0,0,0,0,0,0,0,0,0,0,0,0,5,0,0,0,0,0,0,0,0,0
"ASV661",0,0,0,0,0,0,0,0,0,0,0,0,0,0,0,0,0,0,0,0,0,0,0,0,5,0,0,0,0,0,0,0,0,0
"ASV662",0,0,0,0,0,0,0,0,0,0,0,0,0,0,0,0,0,0,0,0,0,0,0,0,5,0,0,0,0,0,0,0,0,0
"ASV663",0,0,0,0,0,0,0,0,0,0,0,0,0,0,0,0,0,0,0,0,0,0,0,0,5,0,0,0,0,0,0,0,0,0
"ASV664",0,0,0,0,0,0,0,0,0,0,0,0,0,0,0,0,0,0,0,0,0,0,0,0,5,0,0,0,0,0,0,0,0,0
"ASV665",0,0,0,0,0,0,0,0,0,0,0,0,0,0,0,0,0,0,0,0,0,0,0,0,0,0,0,0,0,0,0,5,0,0
"ASV666",4,0,0,0,0,0,0,0,0,0,0,0,0,0,0,0,0,0,0,0,0,0,0,0,0,0,0,0,0,0,0,0,0,0
"ASV667",4,0,0,0,0,0,0,0,0,0,0,0,0,0,0,0,0,0,0,0,0,0,0,0,0,0,0,0,0,0,0,0,0,0
"ASV668",0,0,4,0,0,0,0,0,0,0,0,0,0,0,0,0,0,0,0,0,0,0,0,0,0,0,0,0,0,0,0,0,0,0
"ASV669",0,0,0,4,0,0,0,0,0,0,0,0,0,0,0,0,0,0,0,0,0,0,0,0,0,0,0,0,0,0,0,0,0,0
"ASV670",0,0,0,0,0,0,0,4,0,0,0,0,0,0,0,0,0,0,0,0,0,0,0,0,0,0,0,0,0,0,0,0,0,0
"ASV671",0,0,0,0,0,0,0,0,4,0,0,0,0,0,0,0,0,0,0,0,0,0,0,0,0,0,0,0,0,0,0,0,0,0
"ASV672",0,0,0,0,0,0,0,0,4,0,0,0,0,0,0,0,0,0,0,0,0,0,0,0,0,0,0,0,0,0,0,0,0,0
"ASV673",0,0,0,0,0,0,0,0,2,0,0,0,0,0,0,0,0,0,0,0,0,0,2,0,0,0,0,0,0,0,0,0,0,0
"ASV674",0,0,0,0,0,0,0,0,0,0,4,0,0,0,0,0,0,0,0,0,0,0,0,0,0,0,0,0,0,0,0,0,0,0
"ASV675",0,0,0,0,0,0,0,0,0,0,4,0,0,0,0,0,0,0,0,0,0,0,0,0,0,0,0,0,0,0,0,0,0,0
"ASV676",0,0,0,0,0,0,0,0,0,0,0,4,0,0,0,0,0,0,0,0,0,0,0,0,0,0,0,0,0,0,0,0,0,0
"ASV677",0,0,0,0,0,0,0,0,0,0,0,4,0,0,0,0,0,0,0,0,0,0,0,0,0,0,0,0,0,0,0,0,0,0
"ASV678",0,0,0,0,0,0,0,0,0,0,0,4,0,0,0,0,0,0,0,0,0,0,0,0,0,0,0,0,0,0,0,0,0,0
"ASV679",0,0,0,0,0,0,0,0,0,0,0,4,0,0,0,0,0,0,0,0,0,0,0,0,0,0,0,0,0,0,0,0,0,0
"ASV680",0,0,0,0,0,0,0,0,0,0,0,4,0,0,0,0,0,0,0,0,0,0,0,0,0,0,0,0,0,0,0,0,0,0
"ASV681",0,0,0,0,0,0,0,0,0,0,0,0,0,0,0,4,0,0,0,0,0,0,0,0,0,0,0,0,0,0,0,0,0,0
"ASV682",0,0,0,0,0,0,0,0,0,0,0,0,0,0,0,4,0,0,0,0,0,0,0,0,0,0,0,0,0,0,0,0,0,0
"ASV683",0,0,0,0,0,0,0,0,0,0,0,0,0,0,0,0,0,0,0,0,0,0,4,0,0,0,0,0,0,0,0,0,0,0
"ASV684",0,0,0,0,0,0,0,0,0,0,0,0,0,0,0,0,0,0,0,0,0,0,4,0,0,0,0,0,0,0,0,0,0,0
"ASV685",0,0,0,0,0,0,0,0,0,0,0,0,0,0,0,0,0,0,0,0,0,0,4,0,0,0,0,0,0,0,0,0,0,0
"ASV686",0,0,0,0,0,0,0,0,0,0,0,0,0,0,0,0,0,0,0,0,0,0,4,0,0,0,0,0,0,0,0,0,0,0
"ASV687",0,0,0,0,0,0,0,0,0,0,0,0,0,0,0,0,0,0,0,0,0,0,4,0,0,0,0,0,0,0,0,0,0,0
"ASV688",0,0,0,0,0,0,0,0,0,0,0,0,0,0,0,0,0,0,0,0,0,0,4,0,0,0,0,0,0,0,0,0,0,0
"ASV689",0,0,0,0,0,0,0,0,0,0,0,0,0,0,0,0,0,0,0,0,0,0,0,0,4,0,0,0,0,0,0,0,0,0
"ASV690",0,0,0,0,0,0,0,0,0,0,0,0,0,0,0,0,0,0,0,0,0,0,0,0,4,0,0,0,0,0,0,0,0,0
"ASV691",0,0,0,0,0,0,0,0,0,0,0,0,0,0,0,0,0,0,0,0,0,0,0,0,4,0,0,0,0,0,0,0,0,0
"ASV692",0,0,0,0,0,0,0,0,0,0,0,0,0,0,0,0,0,0,0,0,0,0,0,0,4,0,0,0,0,0,0,0,0,0
"ASV693",0,0,0,0,0,0,0,0,0,0,0,0,0,0,0,0,0,0,0,0,0,0,0,0,4,0,0,0,0,0,0,0,0,0
"ASV694",0,0,0,0,0,0,0,0,0,0,0,0,0,0,0,0,0,0,0,0,0,0,0,0,4,0,0,0,0,0,0,0,0,0
"ASV695",0,0,0,0,0,0,0,0,0,0,0,0,0,0,0,0,0,0,0,0,0,0,0,0,4,0,0,0,0,0,0,0,0,0
"ASV696",0,0,0,0,0,0,0,0,0,0,0,0,0,0,0,0,0,0,0,0,0,0,0,0,4,0,0,0,0,0,0,0,0,0
"ASV697",0,0,0,0,0,0,0,0,0,0,0,0,0,0,0,0,0,0,0,0,0,0,0,0,4,0,0,0,0,0,0,0,0,0
"ASV698",3,0,0,0,0,0,0,0,0,0,0,0,0,0,0,0,0,0,0,0,0,0,0,0,0,0,0,0,0,0,0,0,0,0
"ASV699",0,0,0,3,0,0,0,0,0,0,0,0,0,0,0,0,0,0,0,0,0,0,0,0,0,0,0,0,0,0,0,0,0,0
"ASV700",0,0,0,0,3,0,0,0,0,0,0,0,0,0,0,0,0,0,0,0,0,0,0,0,0,0,0,0,0,0,0,0,0,0
"ASV701",0,0,0,0,0,0,3,0,0,0,0,0,0,0,0,0,0,0,0,0,0,0,0,0,0,0,0,0,0,0,0,0,0,0
"ASV702",0,0,0,0,0,0,0,0,3,0,0,0,0,0,0,0,0,0,0,0,0,0,0,0,0,0,0,0,0,0,0,0,0,0
"ASV703",0,0,0,0,0,0,0,0,3,0,0,0,0,0,0,0,0,0,0,0,0,0,0,0,0,0,0,0,0,0,0,0,0,0
"ASV704",0,0,0,0,0,0,0,0,3,0,0,0,0,0,0,0,0,0,0,0,0,0,0,0,0,0,0,0,0,0,0,0,0,0
"ASV705",0,0,0,0,0,0,0,0,0,3,0,0,0,0,0,0,0,0,0,0,0,0,0,0,0,0,0,0,0,0,0,0,0,0
"ASV706",0,0,0,0,0,0,0,0,0,3,0,0,0,0,0,0,0,0,0,0,0,0,0,0,0,0,0,0,0,0,0,0,0,0
"ASV707",0,0,0,0,0,0,0,0,0,3,0,0,0,0,0,0,0,0,0,0,0,0,0,0,0,0,0,0,0,0,0,0,0,0
"ASV708",0,0,0,0,0,0,0,0,0,0,3,0,0,0,0,0,0,0,0,0,0,0,0,0,0,0,0,0,0,0,0,0,0,0
"ASV709",0,0,0,0,0,0,0,0,0,0,0,3,0,0,0,0,0,0,0,0,0,0,0,0,0,0,0,0,0,0,0,0,0,0
"ASV710",0,0,0,0,0,0,0,0,0,0,0,3,0,0,0,0,0,0,0,0,0,0,0,0,0,0,0,0,0,0,0,0,0,0
"ASV711",0,0,0,0,0,0,0,0,0,0,0,3,0,0,0,0,0,0,0,0,0,0,0,0,0,0,0,0,0,0,0,0,0,0
"ASV712",0,0,0,0,0,0,0,0,0,0,0,3,0,0,0,0,0,0,0,0,0,0,0,0,0,0,0,0,0,0,0,0,0,0
"ASV713",0,0,0,0,0,0,0,0,0,0,0,3,0,0,0,0,0,0,0,0,0,0,0,0,0,0,0,0,0,0,0,0,0,0
"ASV714",0,0,0,0,0,0,0,0,0,0,0,3,0,0,0,0,0,0,0,0,0,0,0,0,0,0,0,0,0,0,0,0,0,0
"ASV715",0,0,0,0,0,0,0,0,0,0,0,0,3,0,0,0,0,0,0,0,0,0,0,0,0,0,0,0,0,0,0,0,0,0
"ASV716",0,0,0,0,0,0,0,0,0,0,0,0,0,3,0,0,0,0,0,0,0,0,0,0,0,0,0,0,0,0,0,0,0,0
"ASV717",0,0,0,0,0,0,0,0,0,0,0,0,0,0,0,3,0,0,0,0,0,0,0,0,0,0,0,0,0,0,0,0,0,0
"ASV718",0,0,0,0,0,0,0,0,0,0,0,0,0,0,0,3,0,0,0,0,0,0,0,0,0,0,0,0,0,0,0,0,0,0
"ASV719",0,0,0,0,0,0,0,0,0,0,0,0,0,0,0,3,0,0,0,0,0,0,0,0,0,0,0,0,0,0,0,0,0,0
"ASV720",0,0,0,0,0,0,0,0,0,0,0,0,0,0,0,0,0,0,3,0,0,0,0,0,0,0,0,0,0,0,0,0,0,0
"ASV721",0,0,0,0,0,0,0,0,0,0,0,0,0,0,0,0,0,0,0,0,0,0,3,0,0,0,0,0,0,0,0,0,0,0
"ASV722",0,0,0,0,0,0,0,0,0,0,0,0,0,0,0,0,0,0,0,0,0,0,3,0,0,0,0,0,0,0,0,0,0,0
"ASV723",0,0,0,0,0,0,0,0,0,0,0,0,0,0,0,0,0,0,0,0,0,0,3,0,0,0,0,0,0,0,0,0,0,0
"ASV724",0,0,0,0,0,0,0,0,0,0,0,0,0,0,0,0,0,0,0,0,0,0,3,0,0,0,0,0,0,0,0,0,0,0
"ASV725",0,0,0,0,0,0,0,0,0,0,0,0,0,0,0,0,0,0,0,0,0,0,3,0,0,0,0,0,0,0,0,0,0,0
"ASV726",0,0,0,0,0,0,0,0,0,0,0,0,0,0,0,0,0,0,0,0,0,0,3,0,0,0,0,0,0,0,0,0,0,0
"ASV727",0,0,0,0,0,0,0,0,0,0,0,0,0,0,0,0,0,0,0,0,0,0,0,3,0,0,0,0,0,0,0,0,0,0
"ASV728",0,0,0,0,0,0,0,0,0,0,0,0,0,0,0,0,0,0,0,0,0,0,0,0,3,0,0,0,0,0,0,0,0,0
"ASV729",0,0,0,0,0,0,0,0,0,0,0,0,0,0,0,0,0,0,0,0,0,0,0,0,3,0,0,0,0,0,0,0,0,0
"ASV730",0,0,0,0,0,0,0,0,0,0,0,0,0,0,0,0,0,0,0,0,0,0,0,0,3,0,0,0,0,0,0,0,0,0
"ASV731",0,0,0,0,0,0,0,0,0,0,0,0,0,0,0,0,0,0,0,0,0,0,0,0,3,0,0,0,0,0,0,0,0,0
"ASV732",0,0,0,0,0,0,0,0,0,0,0,0,0,0,0,0,0,0,0,0,0,0,0,0,3,0,0,0,0,0,0,0,0,0
"ASV733",0,0,0,0,0,0,0,0,0,0,0,0,0,0,0,0,0,0,0,0,0,0,0,0,3,0,0,0,0,0,0,0,0,0
"ASV734",0,0,0,0,0,0,0,0,0,0,0,0,0,0,0,0,0,0,0,0,0,0,0,0,3,0,0,0,0,0,0,0,0,0
"ASV735",0,0,0,0,0,0,0,0,0,0,0,0,0,0,0,0,0,0,0,0,0,0,0,0,3,0,0,0,0,0,0,0,0,0
"ASV736",0,0,0,0,0,0,0,0,0,0,0,0,0,0,0,0,0,0,0,0,0,0,0,0,3,0,0,0,0,0,0,0,0,0
"ASV737",0,0,0,0,0,0,0,0,0,0,0,0,0,0,0,0,0,0,0,0,0,0,0,0,3,0,0,0,0,0,0,0,0,0
"ASV738",0,0,0,0,0,0,0,0,0,0,0,0,0,0,0,0,0,0,0,0,0,0,0,0,3,0,0,0,0,0,0,0,0,0
"ASV739",0,0,0,0,0,0,0,0,0,0,0,0,0,0,0,0,0,0,0,0,0,0,0,0,3,0,0,0,0,0,0,0,0,0
"ASV740",0,2,0,0,0,0,0,0,0,0,0,0,0,0,0,0,0,0,0,0,0,0,0,0,0,0,0,0,0,0,0,0,0,0
"ASV741",0,0,0,2,0,0,0,0,0,0,0,0,0,0,0,0,0,0,0,0,0,0,0,0,0,0,0,0,0,0,0,0,0,0
"ASV742",0,0,0,0,0,0,0,0,2,0,0,0,0,0,0,0,0,0,0,0,0,0,0,0,0,0,0,0,0,0,0,0,0,0
"ASV743",0,0,0,0,0,0,0,0,2,0,0,0,0,0,0,0,0,0,0,0,0,0,0,0,0,0,0,0,0,0,0,0,0,0
"ASV744",0,0,0,0,0,0,0,0,0,2,0,0,0,0,0,0,0,0,0,0,0,0,0,0,0,0,0,0,0,0,0,0,0,0
"ASV745",0,0,0,0,0,0,0,0,0,2,0,0,0,0,0,0,0,0,0,0,0,0,0,0,0,0,0,0,0,0,0,0,0,0
"ASV746",0,0,0,0,0,0,0,0,0,2,0,0,0,0,0,0,0,0,0,0,0,0,0,0,0,0,0,0,0,0,0,0,0,0
"ASV747",0,0,0,0,0,0,0,0,0,0,2,0,0,0,0,0,0,0,0,0,0,0,0,0,0,0,0,0,0,0,0,0,0,0
"ASV748",0,0,0,0,0,0,0,0,0,0,2,0,0,0,0,0,0,0,0,0,0,0,0,0,0,0,0,0,0,0,0,0,0,0
"ASV749",0,0,0,0,0,0,0,0,0,0,0,2,0,0,0,0,0,0,0,0,0,0,0,0,0,0,0,0,0,0,0,0,0,0
"ASV750",0,0,0,0,0,0,0,0,0,0,0,2,0,0,0,0,0,0,0,0,0,0,0,0,0,0,0,0,0,0,0,0,0,0
"ASV751",0,0,0,0,0,0,0,0,0,0,0,2,0,0,0,0,0,0,0,0,0,0,0,0,0,0,0,0,0,0,0,0,0,0
"ASV752",0,0,0,0,0,0,0,0,0,0,0,2,0,0,0,0,0,0,0,0,0,0,0,0,0,0,0,0,0,0,0,0,0,0
"ASV753",0,0,0,0,0,0,0,0,0,0,0,2,0,0,0,0,0,0,0,0,0,0,0,0,0,0,0,0,0,0,0,0,0,0
"ASV754",0,0,0,0,0,0,0,0,0,0,0,0,0,2,0,0,0,0,0,0,0,0,0,0,0,0,0,0,0,0,0,0,0,0
"ASV755",0,0,0,0,0,0,0,0,0,0,0,0,0,2,0,0,0,0,0,0,0,0,0,0,0,0,0,0,0,0,0,0,0,0
"ASV756",0,0,0,0,0,0,0,0,0,0,0,0,0,2,0,0,0,0,0,0,0,0,0,0,0,0,0,0,0,0,0,0,0,0
"ASV757",0,0,0,0,0,0,0,0,0,0,0,0,0,0,2,0,0,0,0,0,0,0,0,0,0,0,0,0,0,0,0,0,0,0
"ASV758",0,0,0,0,0,0,0,0,0,0,0,0,0,0,0,0,0,0,2,0,0,0,0,0,0,0,0,0,0,0,0,0,0,0
"ASV759",0,0,0,0,0,0,0,0,0,0,0,0,0,0,0,0,0,0,0,0,0,0,2,0,0,0,0,0,0,0,0,0,0,0
"ASV760",0,0,0,0,0,0,0,0,0,0,0,0,0,0,0,0,0,0,0,0,0,0,2,0,0,0,0,0,0,0,0,0,0,0
"ASV761",0,0,0,0,0,0,0,0,0,0,0,0,0,0,0,0,0,0,0,0,0,0,0,0,2,0,0,0,0,0,0,0,0,0
"ASV762",0,0,0,0,0,0,0,0,0,0,0,0,0,0,0,0,0,0,0,0,0,0,0,0,2,0,0,0,0,0,0,0,0,0
"ASV763",0,0,0,0,0,0,0,0,0,0,0,0,0,0,0,0,0,0,0,0,0,0,0,0,2,0,0,0,0,0,0,0,0,0
"ASV764",0,0,0,0,0,0,0,0,0,0,0,0,0,0,0,0,0,0,0,0,0,0,0,0,2,0,0,0,0,0,0,0,0,0
"ASV765",0,0,0,0,0,0,0,0,0,0,0,0,0,0,0,0,0,0,0,0,0,0,0,0,2,0,0,0,0,0,0,0,0,0
"ASV766",0,0,0,0,0,0,0,0,0,0,0,0,0,0,0,0,0,0,0,0,0,0,0,0,2,0,0,0,0,0,0,0,0,0
"ASV767",0,0,0,0,0,0,0,0,0,0,0,0,0,0,0,0,0,0,0,0,0,0,0,0,2,0,0,0,0,0,0,0,0,0
"ASV768",0,0,0,0,0,0,0,0,0,0,0,0,0,0,0,0,0,0,0,0,0,0,0,0,2,0,0,0,0,0,0,0,0,0
"ASV769",0,0,0,0,0,0,0,0,0,0,0,0,0,0,0,0,0,0,0,0,0,0,0,0,2,0,0,0,0,0,0,0,0,0
"ASV770",0,0,0,0,0,0,0,0,0,0,0,0,0,0,0,0,0,0,0,0,0,0,0,0,2,0,0,0,0,0,0,0,0,0
"ASV771",0,0,0,0,0,0,0,0,0,0,0,0,0,0,0,0,0,0,0,0,0,0,0,0,0,0,0,0,0,0,0,0,0,2
