"sample_id","demultiplexed","filtered","denoised","non_chimeric","pct_kept_overall"
"L3S242",2055,970,951,897,43.6
"L3S341",1853,1109,962,962,51.9
"L3S360",2084,1130,966,966,46.4
"L3S313",1994,1191,1103,1103,55.3
"L3S294",2317,1313,1225,1225,52.9
"L3S378",2146,1357,1321,1248,58.2
"L2S309",3835,1549,1419,1419,37
"L5S240",2665,1817,1792,1792,67.2
"L5S155",2491,1827,1799,1799,72.2
"L5S174",2792,1969,1953,1953,69.9
"L5S203",3037,2132,2112,2112,69.5
"L5S104",3460,2253,2227,2227,64.4
"L2S357",6253,2526,2373,2373,37.9
"L5S222",3390,2555,2520,2520,74.3
"L2S204",7297,3378,3198,3157,43.3
"L2S222",8386,3485,3187,3187,38
"L2S155",9261,4112,3932,3932,42.5
"L2S382",9300,4279,4202,4089,44
"L2S175",10691,4545,4385,4385,41
"L2S240",11986,5183,5094,5061,42.2
"L6S68",9554,6169,6130,5980,62.6
"L1S257",8216,6705,6627,6388,77.8
"L1S281",8904,7066,6975,6614,74.3
"L6S20",9775,7086,7046,6852,70.1
"L6S93",11270,7483,7408,7029,62.4
"L1S8",12386,7662,7623,7032,56.8
"L1S140",9736,7676,7604,7162,73.6
"L1S105",11340,8571,8499,7780,68.6
"L1S76",10100,8394,8336,7866,77.9
"L1S208",11335,9260,9146,8146,71.9
"L4S112",16265,8602,8361,8339,51.3
"L1S57",11750,9298,9259,8701,74.1
"L4S63",17167,10095,9743,9743,56.8
"L4S137",18787,10064,9921,9820,52.3
