"ASV","total_reads","prevalence","Phylum","Family","Genus"
"ASV1",11371,13,"Bacteroidota","Bacteroidaceae","Bacteroides"
"ASV2",8929,16,"Pseudomonadota","Neisseriaceae","Neisseria"
"ASV3",8621,25,"Bacillota","Streptococcaceae","Streptococcus"
"ASV4",7660,10,"Bacteroidota","Bacteroidaceae","Bacteroides"
"ASV5",7410,13,"Bacteroidota","Bacteroidaceae","Bacteroides"
"ASV6",7185,23,"Pseudomonadota","Pasteurellaceae","Haemophilus"
"ASV7",5389,11,"Bacteroidota","Bacteroidaceae","Bacteroides"
"ASV8",4645,15,"Bacillota","Staphylococcaceae","Staphylococcus"
"ASV9",3950,16,"Fusobacteriota","Fusobacteriaceae","Fusobacterium"
"ASV10",3023,14,"Bacteroidota","Prevotellaceae","Prevotella"
"ASV11",2856,11,"Pseudomonadota","Pseudomonadaceae","Pseudomonas"
"ASV12",2464,14,"Bacillota","Ruminococcaceae","Faecalibacterium"
"ASV13",2119,7,"Bacillota","Ruminococcaceae","Faecalibacterium"
"ASV14",2001,8,"Pseudomonadota","Neisseriaceae","Neisseria"
"ASV15",1988,12,"Bacillota","Acidaminococcaceae","Phascolarctobacterium"
"ASV16",1725,13,"Actinomycetota","Corynebacteriaceae","Lawsonella"
"ASV17",1664,14,"Bacillota","Streptococcaceae","Streptococcus"
"ASV18",1555,7,"Bacteroidota","Bacteroidaceae","Bacteroides"
"ASV19",1536,12,"Actinomycetota","Corynebacteriaceae","Corynebacterium"
"ASV20",1333,26,"Bacillota","Streptococcaceae","Streptococcus"
"ASV21",1284,19,"Actinomycetota","Micrococcaceae","Rothia"
"ASV22",1172,9,"Bacillota","Lachnospiraceae","Agathobacter"
"ASV23",1135,15,"Bacillota","Veillonellaceae","Veillonella"
"ASV24",1127,3,"Pseudomonadota","Comamonadaceae",NA
"ASV25",1114,16,"Pseudomonadota","Pasteurellaceae","Haemophilus"
"ASV26",1024,10,"Bacteroidota","Bacteroidaceae","Bacteroides"
"ASV27",979,13,"Bacillota","Family XI","Peptoniphilus"
"ASV28",951,4,"Pseudomonadota","Moraxellaceae","Acinetobacter"
"ASV29",917,14,"Bacillota","Family XI","Finegoldia"
"ASV30",913,6,"Bacteroidota","Rikenellaceae","Alistipes"
"ASV31",908,3,"Bacillota","Lachnospiraceae","[Eubacterium] eligens group"
"ASV32",901,10,"Bacillota","Veillonellaceae","Veillonella"
"ASV33",856,7,"Verrucomicrobiota","Akkermansiaceae","Akkermansia"
"ASV34",836,8,"Fusobacteriota","Fusobacteriaceae","Fusobacterium"
"ASV35",829,5,"Bacillota","Lachnospiraceae","Lachnospira"
"ASV37",762,3,"Bacillota","Lachnospiraceae",NA
"ASV38",758,14,"Bacillota","Family XI","Anaerococcus"
"ASV39",737,6,"Bacillota","Lachnospiraceae","[Eubacterium] eligens group"
"ASV40",714,6,"Actinomycetota","Corynebacteriaceae","Corynebacterium"
"ASV41",712,13,"Fusobacteriota","Leptotrichiaceae","Oceanivirga"
"ASV42",691,7,"Actinomycetota","Corynebacteriaceae","Corynebacterium"
"ASV43",680,8,"Bacteroidota","Bacteroidaceae","Bacteroides"
"ASV44",679,19,"Bacillota","Gemellaceae","Gemella"
"ASV45",631,17,"Bacillota","Carnobacteriaceae",NA
"ASV46",623,5,"Actinomycetota","Corynebacteriaceae","Corynebacterium"
"ASV47",617,9,"Bacillota","Streptococcaceae","Lactococcus"
"ASV48",607,6,"Bacteroidota","Prevotellaceae",NA
"ASV49",604,9,"Pseudomonadota","Enterobacteriaceae","Escherichia-Shigella"
"ASV50",604,7,"Bacillota","Lachnospiraceae","Roseburia"
"ASV51",564,3,"Bacteroidota","Spirosomataceae","Flectobacillus"
"ASV52",555,5,"Bacteroidota","Tannerellaceae","Parabacteroides"
"ASV53",549,19,"Bacteroidota","Prevotellaceae",NA
"ASV54",543,5,"Bacillota","Veillonellaceae","Veillonella"
"ASV55",518,10,"Bacteroidota","Prevotellaceae","Hoylesella"
"ASV56",517,12,"Pseudomonadota","Burkholderiaceae","Lautropia"
"ASV57",515,5,"Actinomycetota","Corynebacteriaceae","Corynebacterium"
"ASV58",495,3,"Actinomycetota","Corynebacteriaceae","Corynebacterium"
"ASV59",486,4,"Bacteroidota","Prevotellaceae","Prevotella"
"ASV60",481,10,"Bacillota","Lachnospiraceae","Blautia"
"ASV61",472,7,"Pseudomonadota","Neisseriaceae","Neisseria"
"ASV62",468,7,"Pseudomonadota","Pasteurellaceae","Frederiksenia"
"ASV63",462,9,"Fusobacteriota","Fusobacteriaceae","Fusobacterium"
"ASV64",403,3,"Bacillota","Lachnospiraceae",NA
"ASV65",370,13,"Actinomycetota","Propionibacteriaceae","Cutibacterium"
"ASV66",367,5,"Pseudomonadota",NA,NA
"ASV67",359,11,"Campylobacterota","Campylobacteraceae","Campylobacter"
"ASV68",358,5,"Bacteroidota","Prevotellaceae","Prevotellaceae Ga6A1 group"
"ASV69",344,10,"Thermodesulfobacteriota","Desulfovibrionaceae","Desulfovibrio"
"ASV70",334,2,"Bacteroidota","Tannerellaceae","Parabacteroides"
"ASV71",332,11,"Actinomycetota","Corynebacteriaceae","Corynebacterium"
"ASV72",314,6,"Bacillota","Lachnospiraceae","Anaerostipes"
"ASV74",300,11,"Bacillota","Lachnospiraceae","Oribacterium"
"ASV76",284,2,"Bacillota","Lachnospiraceae","[Eubacterium] eligens group"
"ASV77",284,11,"Bacillota","Family XI","Anaerococcus"
"ASV78",268,6,"Pseudomonadota","Pseudomonadaceae","Pseudomonas"
"ASV79",266,2,"Bacillota","Lachnospiraceae","Lachnospiraceae NK4A136 group"
"ASV80",256,3,"Bacillota","Lactobacillaceae","Lactobacillus"
"ASV81",255,2,"Bacillota","Streptococcaceae","Streptococcus"
"ASV82",250,7,"Bacillota","Lachnospiraceae","Lachnoanaerobaculum"
"ASV83",248,10,"Fusobacteriota","Leptotrichiaceae","Pseudoleptotrichia"
"ASV85",245,7,"Bacteroidota","Prevotellaceae","Hoylesella"
"ASV86",243,2,"Bacillota","Ruminococcaceae",NA
"ASV87",242,3,"Bacillota","Lachnospiraceae","Lachnospira"
"ASV88",236,8,"Bacillota","Oscillospiraceae","Colidextribacter"
"ASV89",236,7,"Pseudomonadota","Pasteurellaceae","Canicola"
"ASV90",231,5,"Bacillota","Oscillospiraceae","UCG-002"
"ASV91",231,7,"Pseudomonadota","Moraxellaceae","Moraxella"
"ASV92",231,9,"Pseudomonadota","Moraxellaceae","Acinetobacter"
"ASV93",230,6,"Actinomycetota","Corynebacteriaceae","Corynebacterium"
"ASV94",227,4,"Bacteroidota","Bacteroidaceae","Bacteroides"
"ASV95",214,11,"Bacillota","Family XI","Anaerococcus"
"ASV96",213,5,"Bacteroidota","Prevotellaceae","Prevotella"
"ASV97",213,2,"Bacteroidota","Prevotellaceae","Prevotella"
"ASV98",211,4,"Actinomycetota","Corynebacteriaceae","Corynebacterium"
"ASV99",211,10,"Bacillota","Veillonellaceae","Veillonella"
"ASV100",209,6,"Bacillota","Erysipelatoclostridiaceae","Erysipelotrichaceae UCG-003"
"ASV101",209,3,"Bacillota","Ruminococcaceae","Faecalibacterium"
"ASV102",206,5,"Fusobacteriota","Fusobacteriaceae","Fusobacterium"
"ASV103",201,3,"Bacillota","Ruminococcaceae","Gemmiger"
"ASV104",199,3,"Pseudomonadota","Caulobacteraceae","Brevundimonas"
"ASV105",199,8,"Bacteroidota","Prevotellaceae","Prevotella"
"ASV106",196,4,"Bacillota","Ruminococcaceae","Gemmiger"
"ASV107",194,10,"Pseudomonadota","Sphingomonadaceae","Sphingomonas"
"ASV108",191,2,"Bacteroidota","Prevotellaceae","Prevotellaceae Ga6A1 group"
"ASV109",186,6,"Bacillota","Lachnospiraceae","Fusicatenibacter"
"ASV110",185,5,"Pseudomonadota","Oxalobacteraceae","Janthinobacterium"
"ASV112",182,4,"Bacillota","Lachnospiraceae","Lachnoclostridium"
"ASV113",180,5,"Actinomycetota","Actinomycetaceae","Schaalia"
"ASV114",169,7,"Bacillota","Oscillospiraceae","Intestinimonas"
"ASV115",169,5,"Bacteroidota","Sphingobacteriaceae","Arcticibacter"
"ASV116",168,4,"Bacteroidota","Prevotellaceae","Segatella"
"ASV117",165,4,"Bacillota","Lachnospiraceae","Lachnospira"
"ASV118",165,6,"Bacillota","Family XI","Anaerococcus"
"ASV119",156,5,"Bacillota","Lachnospiraceae",NA
"ASV120",155,3,"Pseudomonadota",NA,NA
"ASV121",155,7,"Pseudomonadota","Moraxellaceae","Enhydrobacter"
"ASV122",155,4,"Pseudomonadota","Neisseriaceae","Neisseria"
"ASV123",154,5,"Bacillota","Lachnospiraceae","Enterocloster"
"ASV124",152,3,"Pseudomonadota","Moraxellaceae","Psychrobacter"
"ASV125",149,5,"Bacillota","Lachnospiraceae","Lachnospiraceae UCG-004"
"ASV126",148,11,"Bacteroidota","Weeksellaceae","Bergeyella"
"ASV127",147,6,"Bacillota","Lachnospiraceae","Blautia"
"ASV128",147,6,"Bacillota","Oscillospiraceae","Flavonifractor"
"ASV129",145,4,"Bacteroidota","Tannerellaceae","Parabacteroides"
"ASV130",145,8,"Bacteroidota","Porphyromonadaceae","Porphyromonas"
"ASV131",143,6,"Bacillota","Selenomonadaceae","Megamonas"
"ASV132",141,6,"Bacillota","Lachnospiraceae","Lachnospiraceae ND3007 group"
"ASV133",141,4,"Bacillota","Lachnospiraceae","Lachnospiraceae UCG-004"
"ASV134",141,6,"Pseudomonadota","Oxalobacteraceae","Massilia"
"ASV135",141,6,"Actinomycetota","Corynebacteriaceae","Corynebacterium"
"ASV136",137,3,"Bacteroidota","Rikenellaceae","Alistipes"
"ASV137",135,9,"Pseudomonadota",NA,NA
"ASV138",134,4,"Bacillota","Ruminococcaceae","[Eubacterium] siraeum group"
"ASV139",132,7,"Bacteroidota","Prevotellaceae","Hoylesella"
"ASV140",132,5,"Bacillota","Family XI","Parvimonas"
"ASV141",131,6,"Bacteroidota","Flavobacteriaceae","Flavobacterium"
"ASV142",130,4,"Bacillota","Carnobacteriaceae","Dolosigranulum"
"ASV143",127,4,"Bacillota","Veillonellaceae","Veillonella"
"ASV144",127,3,"Pseudomonadota","Pseudomonadaceae","Pseudomonas"
"ASV145",126,4,"Pseudomonadota","Pasteurellaceae","Canicola"
"ASV146",124,1,"Bacillota","Staphylococcaceae","Staphylococcus"
"ASV147",119,6,"Pseudomonadota","Yersiniaceae","Gibbsiella"
"ASV148",117,7,"Bacillota","Family XI","Ezakiella"
"ASV149",117,2,"Pseudomonadota","Sphingomonadaceae","Sphingomonas"
"ASV150",116,7,"Bacillota","Lachnospiraceae","Blautia"
"ASV151",115,1,"Bacillota","Lachnospiraceae",NA
"ASV152",113,2,"Bacillota","Ruminococcaceae","Ruminococcus"
"ASV153",112,5,"Thermodesulfobacteriota","Desulfovibrionaceae","Bilophila"
"ASV154",112,2,"Bacillota","Oscillospiraceae","NK4A214 group"
"ASV155",111,2,"Pseudomonadota","Pseudomonadaceae","Pseudomonas"
"ASV156",111,5,"Actinomycetota","Actinomycetaceae","Schaalia"
"ASV157",110,5,"Bacillota","Lachnospiraceae",NA
"ASV158",110,3,"Bacteroidota","Sphingobacteriaceae",NA
"ASV159",107,5,"Bacillota","Family XI","Murdochiella"
"ASV160",106,7,"Bacteroidota","Flavobacteriaceae","Capnocytophaga"
"ASV161",106,3,"Pseudomonadota","Pasteurellaceae","Aggregatibacter"
"ASV162",105,5,"Bacillota","Carnobacteriaceae","Granulicatella"
"ASV163",104,4,"Bacillota","Oscillospiraceae","UCG-003"
"ASV164",103,6,"Bacillota","Lachnospiraceae","Mediterraneibacter"
"ASV165",103,3,"Bacteroidota","Prevotellaceae","Prevotella"
"ASV166",102,6,"Bacillota","Monoglobaceae","Monoglobus"
"ASV167",99,4,"Pseudomonadota","Moraxellaceae","Acinetobacter"
"ASV168",98,2,"Bacteroidota","Prevotellaceae","Prevotella"
"ASV169",97,7,"Bacillota","Oscillospiraceae","Colidextribacter"
"ASV170",96,3,"Pseudomonadota","Moraxellaceae","Psychrobacter"
"ASV171",95,6,"Bacillota","Oscillospiraceae","Oscillospira"
"ASV172",95,3,"Pseudomonadota","Moraxellaceae","Acinetobacter"
"ASV173",95,2,"Pseudomonadota","Moraxellaceae","Acinetobacter"
"ASV174",94,4,"Bacillota","Ruminococcaceae","Ruminococcus"
"ASV175",94,2,"Pseudomonadota","Lysobacteraceae","Xanthomonas"
"ASV176",92,1,"Bacillota","Lactobacillaceae","Fructilactobacillus"
"ASV177",91,1,"Pseudomonadota","Sphingomonadaceae","Erythrobacter"
"ASV178",90,4,"Fusobacteriota","Leptotrichiaceae","Pseudoleptotrichia"
"ASV179",89,4,"Bacteroidota","Prevotellaceae","Prevotella"
"ASV180",89,4,"Bacteroidota","Paludibacteraceae","F0058"
"ASV181",89,1,"Pseudomonadota","Pasteurellaceae","Frederiksenia"
"ASV182",87,3,"Bacillota","Lachnospiraceae","Roseburia"
"ASV183",87,2,"Bacillota","Ruminococcaceae","Ruminococcus"
"ASV184",87,3,"Bacteroidota","Prevotellaceae","Alloprevotella"
"ASV185",84,4,"Bacillota","Lachnospiraceae","Lachnoclostridium"
"ASV186",84,1,"Bacillota","Lachnospiraceae","Roseburia"
"ASV187",84,2,"Bacteroidota","Weeksellaceae","Chryseobacterium"
"ASV188",83,3,"Bacillota","Lachnospiraceae","Roseburia"
"ASV189",83,4,"Pseudomonadota","Neisseriaceae","Conchiformibius"
"ASV190",83,3,"Actinomycetota","Micrococcaceae","Rothia"
"ASV191",82,2,"Bacillota","Lachnospiraceae","Lachnoclostridium"
"ASV192",82,2,"Bacillota","Bacillaceae",NA
"ASV193",82,2,"Bacillota","Selenomonadaceae","Selenomonas"
"ASV194",81,6,"Bacillota","Oscillospiraceae","Oscillibacter"
"ASV195",81,3,"Bacillota","Lachnospiraceae","Anaerostipes"
"ASV196",81,3,"Bacillota","Lachnospiraceae","Butyribacter"
"ASV197",81,7,"Fusobacteriota","Fusobacteriaceae","Fusobacterium"
"ASV198",80,5,"Bacillota","Oscillospiraceae","UCG-003"
"ASV199",80,4,"Campylobacterota","Campylobacteraceae","Campylobacter"
"ASV200",79,3,"Bacillota","Aerococcaceae","Abiotrophia"
"ASV201",78,2,"Bacillota","Streptococcaceae","Streptococcus"
"ASV202",77,6,"Bacillota","Lachnospiraceae","Dorea"
"ASV203",77,4,"Bacillota","Lachnospiraceae","Lachnospiraceae UCG-010"
"ASV204",77,4,"Pseudomonadota","Pseudomonadaceae","Pseudomonas"
"ASV205",76,3,"Pseudomonadota",NA,NA
"ASV206",76,7,"Bacillota","Lactobacillaceae","Lactobacillus"
"ASV207",76,1,"Bacteroidota","Prevotellaceae","Prevotella"
"ASV208",75,2,"Bacillota","Lachnospiraceae","Mediterraneibacter"
"ASV209",75,2,"Fusobacteriota","Leptotrichiaceae","Oceanivirga"
"ASV210",75,1,"Bacteroidota","Prevotellaceae","Segatella"
"ASV211",74,1,"Pseudomonadota","Neisseriaceae","Conchiformibius"
"ASV212",74,3,"Actinomycetota","Intrasporangiaceae","Intrasporangium"
"ASV213",73,3,"Bacillota","Lachnospiraceae",NA
"ASV214",73,3,"Bacteroidota","Marinifilaceae","Odoribacter"
"ASV215",72,6,"Bacillota","Family XI","Parvimonas"
"ASV216",72,3,"Bacillota","Lachnospiraceae","Oribacterium"
"ASV218",71,4,"Bacillota","Oscillospiraceae","UCG-003"
"ASV219",70,1,"Bacillota","Lachnospiraceae",NA
"ASV220",70,5,"Bacillota","Lactobacillaceae","Latilactobacillus"
"ASV222",69,4,"Actinomycetota","Corynebacteriaceae","Corynebacterium"
"ASV223",68,4,"Actinomycetota","Corynebacteriaceae","Corynebacterium"
"ASV224",68,8,"Bacillota","Peptostreptococcaceae","Peptoclostridium"
"ASV225",67,3,"Bacillota","Lachnospiraceae","Lachnospiraceae NK4A136 group"
"ASV226",67,2,"Bacillota","Veillonellaceae","Veillonella"
"ASV227",67,4,"Bacillota","Streptococcaceae","Streptococcus"
"ASV228",66,7,"Bacillota","Lachnospiraceae","Stomatobaculum"
"ASV229",66,8,"Bacillota","Erysipelotrichaceae","Solobacterium"
"ASV230",65,3,"Bacillota","Oscillospiraceae","UCG-005"
"ASV231",65,3,"Bacillota","Lachnospiraceae","Enterocloster"
"ASV232",65,3,"Bacteroidota","Prevotellaceae","Prevotella"
"ASV233",64,2,"Bacillota","Lachnospiraceae","Enterocloster"
"ASV234",63,5,"Bacteroidota","Porphyromonadaceae","Porphyromonas"
"ASV235",63,3,"Pseudomonadota","Pasteurellaceae","Mannheimia"
"ASV236",62,4,"Actinomycetota","Corynebacteriaceae","Corynebacterium"
"ASV237",61,4,"Bacillota","Lachnospiraceae","Blautia"
"ASV238",61,4,"Bacteroidota","Porphyromonadaceae","Porphyromonas"
"ASV239",61,1,"Fusobacteriota","Fusobacteriaceae","Fusobacterium"
"ASV241",60,3,"Bacteroidota","Prevotellaceae",NA
"ASV242",59,2,"Bacillota","Ruminococcaceae","Gemmiger"
"ASV243",59,2,"Bacillota","Lachnospiraceae","Enterocloster"
"ASV244",59,2,"Fusobacteriota","Fusobacteriaceae","Fusobacterium"
"ASV245",59,4,"Bacteroidota","Prevotellaceae","Segatella"
"ASV246",58,5,"Pseudomonadota","Beijerinckiaceae","Methylobacterium"
"ASV247",58,5,"Actinomycetota","Nocardiaceae","Rhodococcus"
"ASV248",57,4,"Pseudomonadota","Paracoccaceae",NA
"ASV250",55,2,"Pseudomonadota","Comamonadaceae","Aquabacterium"
"ASV251",55,5,"Bacteroidota","Flavobacteriaceae","Capnocytophaga"
"ASV252",54,3,"Bacillota","Lachnospiraceae",NA
"ASV253",54,5,"Pseudomonadota","Caulobacteraceae","Brevundimonas"
"ASV254",54,2,"Actinomycetota","Nocardioidaceae","Aeromicrobium"
"ASV255",54,1,"Pseudomonadota","Pseudomonadaceae","Pseudomonas"
"ASV256",53,2,"Bacillota","Lachnospiraceae",NA
"ASV257",53,5,"Bacillota","Ruminococcaceae","Ruthenibacterium"
"ASV258",53,4,"Bacillota","Lactobacillaceae","Ligilactobacillus"
"ASV259",53,1,"Pseudomonadota","Comamonadaceae","Ramlibacter"
"ASV260",52,3,"Bacillota","Lachnospiraceae","CAG-56"
"ASV261",52,1,"Pseudomonadota","Comamonadaceae","Simplicispira"
"ASV262",51,3,"Bacillota","Lachnospiraceae","Blautia"
"ASV263",50,2,"Bacillota","Lachnospiraceae","Lachnospiraceae UCG-010"
"ASV264",50,2,"Bacillota","Lachnospiraceae",NA
"ASV265",50,3,"Bacillota","Lachnospiraceae","Shuttleworthia"
"ASV266",50,3,"Actinomycetota","Micrococcaceae","Micrococcus"
"ASV267",50,2,"Bacteroidota","Tannerellaceae","Tannerella"
"ASV268",50,1,"Actinomycetota","Microbacteriaceae","Cryobacterium"
"ASV269",49,4,"Actinomycetota","Corynebacteriaceae","Corynebacterium"
"ASV270",49,3,"Fusobacteriota","Leptotrichiaceae","Leptotrichia"
"ASV272",49,2,"Fusobacteriota","Leptotrichiaceae","Leptotrichia"
"ASV273",49,1,"Pseudomonadota","Sphingomonadaceae","Blastomonas"
"ASV274",48,3,"Pseudomonadota","Comamonadaceae","Acidovorax"
"ASV275",47,4,"Bacteroidota","Porphyromonadaceae","Porphyromonas"
"ASV276",47,5,"Bacillota","Clostridiaceae","Clostridium"
"ASV277",47,5,"Pseudomonadota","Paracoccaceae","Rubellimicrobium"
"ASV278",47,2,"Synergistota","Synergistaceae","Fretibacterium"
"ASV279",47,2,"Bacillota","Veillonellaceae","Dialister"
"ASV280",46,6,"Bacillota","Lachnospiraceae","[Eubacterium]"
"ASV281",46,4,"Pseudomonadota",NA,NA
"ASV282",46,2,"Bacillota","Lachnospiraceae","Oribacterium"
"ASV283",46,1,"Pseudomonadota",NA,NA
"ASV285",45,7,"Bacillota","Peptostreptococcaceae","Romboutsia"
"ASV286",45,3,"Bacteroidota","Marinifilaceae","Butyricimonas"
"ASV287",45,1,"Bacillota","Lachnospiraceae","[Eubacterium] xylanophilum group"
"ASV288",45,2,"Pseudomonadota","Yersiniaceae","Ewingella"
"ASV289",45,3,"Bacillota","Veillonellaceae",NA
"ASV290",44,3,"Bacillota","Butyricicoccaceae","Agathobaculum"
"ASV291",44,4,"Bacillota","Lachnospiraceae","Lachnoanaerobaculum"
"ASV292",44,2,"Pseudomonadota","Neisseriaceae","Conchiformibius"
"ASV293",44,1,"Actinomycetota","Micrococcaceae","Pseudarthrobacter"
"ASV294",44,1,"Bacillota","Planococcaceae",NA
"ASV295",43,8,"Bacillota","Family XI","Fenollaria"
"ASV296",43,2,"Bacillota","Enterococcaceae","Enterococcus"
"ASV297",43,4,"Campylobacterota","Campylobacteraceae","Campylobacter"
"ASV298",43,2,"Pseudomonadota","Rhizobiaceae","Agrobacterium"
"ASV299",43,1,"Bacteroidota","Prevotellaceae","Segatella"
"ASV300",43,1,"Bacillota","Streptococcaceae","Streptococcus"
"ASV301",43,2,"Actinomycetota","Micrococcaceae","Rothia"
"ASV302",42,3,"Pseudomonadota","Cardiobacteriaceae","Cardiobacterium"
"ASV303",41,3,"Bacillota","Lachnospiraceae","Coprococcus"
"ASV305",41,8,"Bacillota",NA,NA
"ASV306",41,5,"Actinomycetota","Micrococcaceae","Rothia"
"ASV307",40,4,"Actinomycetota","Corynebacteriaceae","Corynebacterium"
"ASV308",40,2,"Bacteroidota","Prevotellaceae","Alloprevotella"
"ASV309",40,2,"Fusobacteriota","Leptotrichiaceae","Leptotrichia"
"ASV310",39,3,"Bacillota","Lachnospiraceae","Mediterraneibacter"
"ASV311",39,2,"Bacillota","Lachnospiraceae","Hungatella"
"ASV312",39,3,"Bacillota","Lachnospiraceae","Lachnospiraceae NK4A136 group"
"ASV313",39,2,"Bacillota","Lachnospiraceae","[Eubacterium] xylanophilum group"
"ASV314",39,3,"Bacteroidota","Prevotellaceae","Hoylesella"
"ASV315",39,4,"Bacillota","Family XI","Anaerococcus"
"ASV316",39,1,"Bacillota","Selenomonadaceae","Centipeda"
"ASV317",39,1,"Pseudomonadota","Rhizobiaceae","Brucella"
"ASV318",38,3,"Bacillota","Lachnospiraceae","Anaerobutyricum"
"ASV319",38,1,"Bacillota",NA,NA
"ASV320",38,5,"Bacillota","Erysipelatoclostridiaceae","Catenibacterium"
"ASV321",38,3,"Bacteroidota","Weeksellaceae","Bergeyella"
"ASV322",38,4,"Bacillota","Peptostreptococcaceae","[Eubacterium] yurii group"
"ASV323",37,3,"Bacillota","Veillonellaceae","Dialister"
"ASV324",37,2,"Bacillota","Lachnospiraceae","Lachnospiraceae FCS020 group"
"ASV325",37,3,"Bacillota","Family XI","Peptoniphilus"
"ASV326",37,2,"Bacteroidota","Flavobacteriaceae","Gelidibacter"
"ASV327",37,1,"Bacillota","Family XI","Anaerococcus"
"ASV328",36,2,"Bacillota","Lachnospiraceae","Coprococcus"
"ASV329",36,2,"Bacteroidota","Flavobacteriaceae","Capnocytophaga"
"ASV330",36,2,"Pseudomonadota","Rhizobiaceae","Pseudochrobactrum"
"ASV331",36,4,"Bacillota","Family XI","Peptoniphilus"
"ASV332",35,2,"Pseudomonadota","Cardiobacteriaceae","Cardiobacterium"
"ASV333",35,3,"Bacillota","Lachnospiraceae","Blautia"
"ASV334",35,1,"Pseudomonadota",NA,NA
"ASV335",34,3,"Actinomycetota","Geodermatophilaceae","Blastococcus"
"ASV336",34,2,"Actinomycetota","Microbacteriaceae",NA
"ASV337",33,4,"Bacillota","Anaerovoracaceae","[Eubacterium] sulci group"
"ASV338",33,2,"Bacteroidota","Prevotellaceae","Segatella"
"ASV339",33,2,"Pseudomonadota",NA,NA
"ASV340",32,3,"Bacillota","Lachnospiraceae","Blautia"
"ASV341",32,2,"Bacillota","Ruminococcaceae",NA
"ASV342",32,1,"Bacteroidota","Sphingobacteriaceae","Sphingobacterium"
"ASV343",32,2,"Pseudomonadota","Oxalobacteraceae","Massilia"
"ASV344",32,2,"Pseudomonadota","Sphingomonadaceae",NA
"ASV345",31,1,"Bacillota","Ruminococcaceae","Ruminococcus"
"ASV346",31,2,"Pseudomonadota","Paracoccaceae","Paracoccus"
"ASV347",31,2,"Bacteroidota","Sphingobacteriaceae","Pedobacter"
"ASV348",31,5,"Bacillota","Family XI","Parvimonas"
"ASV349",31,1,"Pseudomonadota","Pasteurellaceae","Aggregatibacter"
"ASV350",31,1,"Bacillota","Selenomonadaceae","Centipeda"
"ASV351",30,3,"Bacteroidota","Sphingobacteriaceae","Pedobacter"
"ASV352",30,1,"Pseudomonadota","Comamonadaceae",NA
"ASV353",30,4,"Actinomycetota","Atopobiaceae","Lancefieldella"
"ASV354",29,3,"Bacillota","[Eubacterium] coprostanoligenes group",NA
"ASV355",29,3,"Bacillota","Lachnospiraceae","Tyzzerella"
"ASV356",29,1,"Bacillota","Oscillospiraceae","UCG-002"
"ASV357",29,1,"Spirochaetota","Spirochaetaceae","Treponema"
"ASV358",28,3,"Bacillota","Ruminococcaceae","Acutalibacter"
"ASV359",28,2,"Pseudomonadota","Methylophilaceae","Methylophilus"
"ASV360",28,4,"Bacillota","Anaerovoracaceae","[Eubacterium] brachy group"
"ASV361",28,3,"Bacteroidota","Bacteroidaceae","Bacteroides"
"ASV362",28,1,"Pseudomonadota",NA,NA
"ASV363",28,2,"Bacteroidota","Flavobacteriaceae",NA
"ASV364",28,2,"Bacillota","Anaerovoracaceae","[Eubacterium] sulci group"
"ASV365",27,1,"Bacillota","Lachnospiraceae","Lachnoclostridium"
"ASV366",27,2,"Bacteroidota","Porphyromonadaceae","Porphyromonas"
"ASV367",27,3,"Bacteroidota","Prevotellaceae","Pseudoprevotella"
"ASV368",27,1,"Bacteroidota","Weeksellaceae","Chryseobacterium"
"ASV369",26,4,"Pseudomonadota","Alcaligenaceae","Oligella"
"ASV370",26,2,"Bacteroidota","Flavobacteriaceae","Capnocytophaga"
"ASV371",26,2,"Bacteroidota",NA,NA
"ASV372",26,3,"Fusobacteriota","Leptotrichiaceae","Pseudoleptotrichia"
"ASV373",26,2,"Pseudomonadota","Neisseriaceae","Kingella"
"ASV374",26,2,"Actinomycetota","Pseudonocardiaceae","Actinomycetospora"
"ASV375",25,3,"Bacteroidota","Porphyromonadaceae","Porphyromonas"
"ASV376",25,3,"Bacteroidota","Barnesiellaceae",NA
"ASV377",25,3,"Bacillota","Family XI","Peptoniphilus"
"ASV378",25,1,"Bacteroidota","Chitinophagaceae",NA
"ASV379",25,2,"Bacillota","Streptococcaceae","Streptococcus"
"ASV380",25,2,"Bacillota","Anaerovoracaceae","Mogibacterium"
"ASV381",24,2,"Bacillota","Lachnospiraceae",NA
"ASV382",24,2,"Actinomycetota","Atopobiaceae","Lancefieldella"
"ASV383",24,2,"Bacillota","Selenomonadaceae",NA
"ASV384",24,1,"Bacteroidota","Chitinophagaceae","Flavisolibacter"
"ASV385",24,1,"Fusobacteriota","Leptotrichiaceae","Pseudoleptotrichia"
"ASV387",23,1,"Actinomycetota","Micrococcaceae","Paeniglutamicibacter"
"ASV388",23,2,"Bacillota","Peptostreptococcaceae","[Eubacterium] yurii group"
"ASV389",23,2,"Bacteroidota","Porphyromonadaceae","Porphyromonas"
"ASV390",23,1,"Pseudomonadota","Comamonadaceae","Variovorax"
"ASV391",23,1,"Pseudomonadota","Paracoccaceae",NA
"ASV392",22,2,"Bacillota","Oscillospiraceae","Oscillibacter"
"ASV393",22,1,"Bacillota","Lachnospiraceae",NA
"ASV394",22,4,"Bacillota",NA,NA
"ASV395",22,1,"Pseudomonadota","Rhizobiaceae","Pararhizobium"
"ASV396",22,1,"Actinomycetota","Microbacteriaceae","Herbiconiux"
"ASV397",22,1,"Pseudomonadota","Comamonadaceae","Polaromonas"
"ASV398",22,5,"Bacillota","Anaerovoracaceae","Mogibacterium"
"ASV399",21,1,"Bacillota","Lachnospiraceae",NA
"ASV400",21,4,"Bacillota","Lactobacillaceae","Weissella"
"ASV401",21,3,"Bacillota","Streptococcaceae","Lactovum"
"ASV402",21,2,"Bacteroidota","Porphyromonadaceae","Porphyromonas"
"ASV403",21,1,"Bacteroidota","Weeksellaceae","Bergeyella"
"ASV404",21,3,"Bacteroidota","Porphyromonadaceae","Porphyromonas"
"ASV405",21,2,"Pseudomonadota","Aeromonadaceae","Oceanisphaera"
"ASV406",21,2,"Spirochaetota","Spirochaetaceae","Treponema"
"ASV407",21,1,"Pseudomonadota","Sphingomonadaceae","Sphingomonas"
"ASV408",20,2,"Bacillota","Oscillospiraceae","Intestinimonas"
"ASV409",20,4,"Deinococcota","Deinococcaceae","Deinococcus"
"ASV410",20,2,"Bacteroidota","Porphyromonadaceae","Porphyromonas"
"ASV411",20,2,"Bacillota","Peptostreptococcaceae","Peptostreptococcus"
"ASV412",20,3,"Bacteroidota","Prevotellaceae","Prevotella"
"ASV414",20,1,"Pseudomonadota","Sphingomonadaceae","Novosphingobium"
"ASV415",19,3,"Bacillota","Lachnospiraceae",NA
"ASV416",19,2,"Pseudomonadota","Vibrionaceae","Vibrio"
"ASV417",19,2,"Actinomycetota","Gaiellaceae","Gaiella"
"ASV418",19,1,"Bacillota","Selenomonadaceae","Selenomonas"
"ASV419",19,2,"Bacillota","Veillonellaceae","Anaeroglobus"
"ASV420",19,2,"Pseudomonadota","Acetobacteraceae","Roseomonas"
"ASV421",19,1,"Bacillota","Lachnospiraceae","Extibacter"
"ASV422",19,1,"Pseudomonadota","Oxalobacteraceae","Noviherbaspirillum"
"ASV423",19,1,"Bacteroidota","Sphingobacteriaceae","Arcticibacter"
"ASV424",18,2,"Bacillota","Lachnospiraceae","Lachnospiraceae UCG-010"
"ASV425",18,4,"Bacillota","Erysipelotrichaceae","Holdemania"
"ASV426",18,1,"Bacillota","Peptostreptococcaceae","Intestinibacter"
"ASV427",18,1,"Pseudomonadota",NA,NA
"ASV428",18,1,"Pseudomonadota","Pasteurellaceae","Pasteurella"
"ASV429",18,1,"Campylobacterota","Campylobacteraceae","Campylobacter"
"ASV430",18,2,"Synergistota","Synergistaceae","Fretibacterium"
"ASV431",18,1,"Bacteroidota","Weeksellaceae","Bergeyella"
"ASV432",18,1,"Pseudomonadota","Paracoccaceae",NA
"ASV433",18,1,"Actinomycetota","Nocardioidaceae","Nocardioides"
"ASV434",17,4,"Bacillota","Lachnospiraceae","Howardella"
"ASV435",17,1,"Bacillota","Ruminococcaceae",NA
"ASV436",17,1,"Bacillota","Lachnospiraceae","Lachnoclostridium"
"ASV437",17,2,"Bacillota","Erysipelotrichaceae","Faecalibaculum"
"ASV438",17,2,"Bacteroidota","Flavobacteriaceae","Flavobacterium"
"ASV439",17,1,"Pseudomonadota","Alcaligenaceae","Candidimonas"
"ASV440",17,1,"Bacteroidota","Flavobacteriaceae","Capnocytophaga"
"ASV441",17,2,"Bacillota","Veillonellaceae",NA
"ASV442",17,2,"Bacteroidota","Hymenobacteraceae","Adhaeribacter"
"ASV443",17,1,"Actinomycetota","Nocardioidaceae","Nocardioides"
"ASV444",16,1,"Actinomycetota","Nocardioidaceae","Marmoricola"
"ASV445",16,2,"Bacteroidota","Porphyromonadaceae","Porphyromonas"
"ASV446",16,1,"Pseudomonadota","Rhizobiaceae",NA
"ASV447",16,1,"Pseudomonadota","Comamonadaceae",NA
"ASV448",16,1,"Pseudomonadota","Oxalobacteraceae","Duganella"
"ASV449",16,1,"Bacillota","Family XI","Anaerococcus"
"ASV450",16,1,"Spirochaetota","Spirochaetaceae","Treponema"
"ASV451",16,1,"Bacteroidota","Prevotellaceae","Segatella"
"ASV452",15,1,"Bacillota","Lachnospiraceae","CAG-56"
"ASV453",15,1,"Bacillota",NA,NA
"ASV454",15,1,"Bacillota",NA,NA
"ASV455",15,1,"Pseudomonadota","Pseudomonadaceae","Pseudomonas"
"ASV456",15,2,"Bacillota","Mycoplasmataceae","Mycoplasma"
"ASV457",15,2,"Bacillota","Lactobacillaceae","Lactobacillus"
"ASV458",15,2,"Bacillota","Mycoplasmataceae","Mycoplasmopsis"
"ASV459",15,4,"Bacillota","Alicyclobacillaceae","Tumebacillus"
"ASV460",15,2,"Bacillota","Defluviitaleaceae","Defluviitaleaceae UCG-011"
"ASV461",15,3,"Bacteroidota","Prevotellaceae","Prevotellaceae Ga6A1 group"
"ASV462",15,1,"Pseudomonadota","Pseudomonadaceae","Pseudomonas"
"ASV463",15,2,"Bacillota","Selenomonadaceae","Selenomonas"
"ASV464",15,2,"Bacillota","Lachnospiraceae","Blautia"
"ASV465",15,2,"Pseudomonadota","Neisseriaceae",NA
"ASV466",15,1,"Actinomycetota","Actinomycetaceae","Varibaculum"
"ASV467",15,1,"Actinomycetota","Mycobacteriaceae","Mycobacterium"
"ASV468",15,1,"Bacillota","Family XI","Anaerococcus"
"ASV469",14,1,"Bacillota","Oscillospiraceae","Intestinimonas"
"ASV470",14,2,"Bacillota","Selenomonadaceae",NA
"ASV471",14,1,"Pseudomonadota","Enterobacteriaceae",NA
"ASV472",14,1,"Bacteroidota","Chitinophagaceae","Flaviaestuariibacter"
"ASV473",14,4,"Bacillota","Erysipelotrichaceae","Holdemanella"
"ASV474",14,1,"Bacillota","Lachnospiraceae","Extibacter"
"ASV475",14,1,"Bacteroidota","Flavobacteriaceae","Flavobacterium"
"ASV476",14,2,"Bacteroidota","Lentimicrobiaceae","Lentimicrobium"
"ASV477",14,1,"Pseudomonadota","Pasteurellaceae",NA
"ASV478",14,1,"Bacteroidota","Prevotellaceae",NA
"ASV479",14,1,"Pseudomonadota","Sphingomonadaceae","Croceibacterium"
"ASV480",14,1,"Bacillota","Lachnospiraceae",NA
"ASV481",14,1,"Fusobacteriota","Fusobacteriaceae","Fusobacterium"
"ASV482",14,1,"Pseudomonadota","Beijerinckiaceae","Microvirga"
"ASV483",14,1,"Bacteroidota","Hymenobacteraceae","Hymenobacter"
"ASV484",14,1,"Actinomycetota","Actinomycetaceae","Arcanobacterium"
"ASV485",13,1,"Bacillota","Lachnospiraceae",NA
"ASV486",13,1,"Bacillota","Lachnospiraceae",NA
"ASV487",13,1,"Bacillota","Butyricicoccaceae","Agathobaculum"
"ASV488",13,2,"Bacteroidota","Weeksellaceae","Cloacibacterium"
"ASV489",13,2,"Pseudomonadota","Azospirillaceae","Skermanella"
"ASV490",13,1,"Bacteroidota","Weeksellaceae","Chryseobacterium"
"ASV491",13,2,"Bacillota",NA,NA
"ASV492",13,1,"Pseudomonadota","Paracoccaceae","Paracoccus"
"ASV493",13,2,"Bacillota","Lactobacillaceae","Lactobacillus"
"ASV494",13,1,"Bacteroidota","Prevotellaceae",NA
"ASV495",13,1,"Bacteroidota","Flavobacteriaceae","Capnocytophaga"
"ASV496",13,1,"Pseudomonadota","Comamonadaceae","Ottowia"
"ASV497",13,1,"Bacteroidota","Chitinophagaceae","Flavisolibacter"
"ASV498",13,1,"Actinomycetota","Micrococcaceae","Glutamicibacter"
"ASV499",13,1,"Acidobacteriota","Blastocatellaceae","OLB17"
"ASV500",13,1,"Bacteroidota","Chitinophagaceae","Segetibacter"
"ASV501",13,1,"Pseudomonadota","Moraxellaceae","Psychrobacter"
"ASV502",13,1,"Pseudomonadota","Caulobacteraceae","Brevundimonas"
"ASV503",12,2,"Bacillota",NA,NA
"ASV504",12,2,"Bacillota","Family XI","Peptoniphilus"
"ASV505",12,1,"Bacillota","Lachnospiraceae","[Eubacterium] ventriosum group"
"ASV506",12,2,"Bacillota","Family XI","Peptoniphilus"
"ASV508",12,1,"Bacteroidota","Prevotellaceae",NA
"ASV509",12,2,"Pseudomonadota","Moraxellaceae","Paraperlucidibaca"
"ASV510",12,1,"Fusobacteriota","Fusobacteriaceae","Fusobacterium"
"ASV511",12,1,"Pseudomonadota","Comamonadaceae",NA
"ASV512",12,2,"Bacillota","Lachnospiraceae",NA
"ASV513",12,1,"Bacillota","Ruminococcaceae","Gemmiger"
"ASV514",12,1,"Pseudomonadota","Comamonadaceae","Tepidimonas"
"ASV515",12,1,"Bacillota","Family XI","Anaerococcus"
"ASV516",12,1,"Actinomycetota","Corynebacteriaceae","Corynebacterium"
"ASV517",12,1,"Actinomycetota","67-14",NA
"ASV518",12,1,"Actinomycetota","Nakamurellaceae","Nakamurella"
"ASV519",11,1,"Bacillota","Butyricicoccaceae","UCG-009"
"ASV520",11,1,"Bacteroidota","Chitinophagaceae",NA
"ASV521",11,2,"Fusobacteriota","Leptotrichiaceae","Pseudoleptotrichia"
"ASV522",11,1,"Bacillota","Streptococcaceae","Streptococcus"
"ASV523",11,2,"Bacillota","Mycoplasmataceae","Mycoplasmopsis"
"ASV525",11,2,"Pseudomonadota","Moraxellaceae",NA
"ASV526",11,2,"Pseudomonadota","Caulobacteraceae","Caulobacter"
"ASV527",11,1,"Pseudomonadota","Sphingomonadaceae",NA
"ASV528",11,1,"Bacteroidota","Prevotellaceae","Hoylesella"
"ASV529",11,2,"Bacillota","Veillonellaceae","Negativicoccus"
"ASV530",11,1,"Bacillota","Aerococcaceae","Eremococcus"
"ASV531",10,2,"Bacteroidota","Prevotellaceae","Prevotella"
"ASV532",10,1,"Bacillota","Lachnospiraceae","Lachnoclostridium"
"ASV533",10,1,"Pseudomonadota","Moraxellaceae","Faucicola"
"ASV535",10,1,"Pseudomonadota",NA,NA
"ASV536",10,2,"Patescibacteria",NA,NA
"ASV537",10,2,"Bacteroidota","Flavobacteriaceae","Flavobacterium"
"ASV538",10,1,"Pseudomonadota","Pseudomonadaceae",NA
"ASV539",10,1,"Pseudomonadota","Chromobacteriaceae","Vogesella"
"ASV541",10,1,"Bacteroidota","Weeksellaceae","Chryseobacterium"
"ASV542",10,2,"Bacillota","Peptococcaceae","Peptococcus"
"ASV543",10,1,"Fusobacteriota","Leptotrichiaceae","Pseudoleptotrichia"
"ASV544",10,1,"Bacteroidota","Prevotellaceae","Segatella"
"ASV545",10,1,"Pseudomonadota","Comamonadaceae",NA
"ASV546",10,1,"Pseudomonadota","Acetobacteraceae","Rhodovastum"
"ASV547",10,1,"Bacillota","Family XI","Anaerococcus"
"ASV548",10,1,"Pseudomonadota","Hyphomicrobiales Incertae Sedis","Phreatobacter"
"ASV549",10,1,"Bacillota","Family XI","Anaerococcus"
"ASV550",10,1,"Actinomycetota","Nocardiaceae","Williamsia"
"ASV551",10,1,"Pseudomonadota","Acetobacteraceae","Rhodopila"
"ASV552",10,1,"Pseudomonadota","Neisseriaceae","Neisseria"
"ASV553",10,1,"Pseudomonadota","Paracoccaceae","Rubellimicrobium"
"ASV554",10,1,"Actinomycetota","Actinomycetaceae","Schaalia"
"ASV555",10,1,"Bacillota","Lachnospiraceae","Oribacterium"
"ASV556",9,2,"Bacteroidota","Rikenellaceae","Alistipes"
"ASV557",9,1,"Bacillota","Ruminococcaceae","Faecalibacterium"
"ASV558",9,1,"Bacillota","Lachnospiraceae","Blautia"
"ASV559",9,1,"Bacillota","Family XI","Anaerococcus"
"ASV560",9,2,"Pseudomonadota","Neisseriaceae",NA
"ASV561",9,2,"Bacteroidota","Flavobacteriaceae",NA
"ASV562",9,1,"Bacteroidota","Flavobacteriaceae","Ulvibacter"
"ASV563",9,2,"Pseudomonadota","Cardiobacteriaceae",NA
"ASV564",9,1,"Bacteroidota","Sphingobacteriaceae",NA
"ASV565",9,1,"Bacillota","Lachnospiraceae","Blautia"
"ASV566",9,1,"Pseudomonadota","Enterobacteriaceae","Buttiauxella"
"ASV567",9,1,"Bacteroidota","Bacteroidaceae","Bacteroides"
"ASV568",9,1,"Bacteroidota","Porphyromonadaceae","Porphyromonas"
"ASV569",9,1,"Bacteroidota","Hymenobacteraceae","Adhaeribacter"
"ASV570",9,1,"Pseudomonadota","Xanthobacteraceae","Bradyrhizobium"
"ASV571",9,1,"Actinomycetota","Microbacteriaceae","Frondihabitans"
"ASV572",9,1,"Bacillota","Selenomonadaceae","Selenomonas"
"ASV573",9,1,"Bacillota","Lachnospiraceae","Butyrivibrio"
"ASV574",9,2,"Bacteroidota","Tannerellaceae","Tannerella"
"ASV575",8,1,"Bacillota","Lachnospiraceae","Lachnospiraceae FCS020 group"
"ASV576",8,1,"Bacillota","Lachnospiraceae","Lachnospiraceae AC2044 group"
"ASV577",8,2,"Bacteroidota","Rikenellaceae","Alistipes"
"ASV578",8,3,"Patescibacteria",NA,NA
"ASV579",8,1,"Pseudomonadota","Moraxellaceae","Acinetobacter"
"ASV580",8,1,"Fusobacteriota","Fusobacteriaceae","Fusobacterium"
"ASV581",8,2,"Actinomycetota","Bifidobacteriaceae","Scardovia"
"ASV582",8,1,"Bacteroidota","Prevotellaceae",NA
"ASV583",8,1,"Fusobacteriota","Leptotrichiaceae","Leptotrichia"
"ASV584",8,1,"Bacillota","Family XI","Anaerococcus"
"ASV585",8,1,"Pseudomonadota","Comamonadaceae","Variovorax"
"ASV586",8,1,"Actinomycetota","Nocardioidaceae","Nocardioides"
"ASV587",8,1,"Pseudomonadota","Alcaligenaceae","Castellaniella"
"ASV588",8,1,"Actinomycetota","Nocardiaceae","Rhodococcus"
"ASV589",8,1,"Bacillota","Lachnospiraceae","Johnsonella"
"ASV590",8,1,"Thermoproteota","Nitrososphaeraceae","Candidatus Nitrosocosmicus"
"ASV591",8,1,"Bacteroidota","Hymenobacteraceae","Hymenobacter"
"ASV593",8,1,"Bacteroidota","Hymenobacteraceae","Rufibacter"
"ASV594",8,1,"Pseudomonadota","Paracoccaceae",NA
"ASV595",8,1,"Bacteroidota","Weeksellaceae","Chishuiella"
"ASV596",8,1,"Actinomycetota","Kineosporiaceae","Kineococcus"
"ASV597",8,1,"Actinomycetota","Actinomycetaceae","Schaalia"
"ASV598",7,1,"Bacteroidota","Porphyromonadaceae","Porphyromonas"
"ASV599",7,1,"Bacillota","Lachnospiraceae","[Eubacterium] xylanophilum group"
"ASV600",7,1,"Bacillota","Lachnospiraceae","[Eubacterium] ventriosum group"
"ASV601",7,1,"Bacillota","Lachnospiraceae","Blautia"
"ASV602",7,1,"Bacteroidota","Hymenobacteraceae","Hymenobacter"
"ASV603",7,1,"Bacillota","Aerococcaceae","Facklamia"
"ASV604",7,1,"Bacillota","Oscillospiraceae","UCG-002"
"ASV605",7,1,"Actinomycetota","Sporichthyaceae",NA
"ASV606",7,1,"Actinomycetota","Corynebacteriaceae","Corynebacterium"
"ASV607",7,1,"Bacillota","Lachnospiraceae","Stomatobaculum"
"ASV608",7,1,"Actinomycetota","Actinomycetaceae","Actinomyces"
"ASV609",7,1,"Bacillota","Lachnospiraceae","Johnsonella"
"ASV610",7,1,"Bacillota","Streptococcaceae","Lactococcus"
"ASV611",7,1,"Bacteroidota","Spirosomataceae","Dyadobacter"
"ASV612",7,1,"Pseudomonadota","Succinivibrionaceae","Anaerobiospirillum"
"ASV614",7,1,"Bacteroidota","Flavobacteriaceae","Flavobacterium"
"ASV615",7,1,"Actinomycetota","Actinomycetaceae","Schaalia"
"ASV616",6,1,"Bacillota","Clostridiaceae","Clostridium"
"ASV617",6,1,"Bacteroidota","Chitinophagaceae","Ilyomonas"
"ASV618",6,1,"Fusobacteriota","Leptotrichiaceae","Leptotrichia"
"ASV619",6,1,"Bacteroidota","Spirosomataceae","Arcicella"
"ASV620",6,1,"Pseudomonadota","Beijerinckiaceae","Methylobacterium"
"ASV621",6,1,"Pseudomonadota","Sphingomonadaceae","SD04E11"
"ASV622",6,1,"Campylobacterota","Campylobacteraceae","Campylobacter"
"ASV623",6,1,"Bacteroidota","Flavobacteriaceae","Flavobacterium"
"ASV624",6,1,"Bacillota","Anaerovoracaceae",NA
"ASV625",6,2,"Actinomycetota","Dermabacteraceae","Dermabacter"
"ASV626",6,1,"Pseudomonadota","Sphingomonadaceae","Rhizorhabdus"
"ASV627",6,1,"Spirochaetota","Spirochaetaceae","Treponema"
"ASV628",6,1,"Acidobacteriota","Blastocatellaceae",NA
"ASV630",6,1,"Bacillota","Family XI","Anaerococcus"
"ASV632",6,1,"Bacillota","Oscillospiraceae","NK4A214 group"
"ASV633",6,1,"Bacillota","Acidaminococcaceae","Phascolarctobacterium"
"ASV634",6,1,"Actinomycetota","Corynebacteriaceae","Corynebacterium"
"ASV635",5,1,"Bacteroidota","Porphyromonadaceae","Porphyromonas"
"ASV636",5,1,"Pseudomonadota","Oxalobacteraceae","Oxalobacter"
"ASV637",5,2,"Actinomycetota","Coriobacteriales Incertae Sedis",NA
"ASV638",5,1,"Bacillota","Anaerovoracaceae","Family XIII AD3011 group"
"ASV639",5,2,"Bacillota","Ruminococcaceae","Phocea"
"ASV640",5,1,"Bacillota","Family XI","Helcococcus"
"ASV641",5,1,"Bacillota","Defluviitaleaceae","Defluviitaleaceae UCG-011"
"ASV642",5,1,"Bacteroidota","Muribaculaceae",NA
"ASV643",5,2,"Actinomycetota","Brevibacteriaceae","Brevibacterium"
"ASV644",5,2,"Bacillota","Peptococcaceae","Peptococcus"
"ASV645",5,1,"Bacteroidota","Spirosomataceae","Dyadobacter"
"ASV646",5,1,"Bacillota","Bacillaceae","Pseudogracilibacillus"
"ASV647",5,1,"Bacillota","Ruminococcaceae","Ruthenibacterium"
"ASV648",5,1,"Bacteroidota","Spirosomataceae","Lacihabitans"
"ASV649",5,1,"Planctomycetota","WD2101 soil group",NA
"ASV650",5,1,"Pseudomonadota","Sphingomonadaceae","Sphingopyxis"
"ASV651",5,1,"Pseudomonadota","Hydrogenophilaceae","Tepidiphilus"
"ASV652",5,1,"Patescibacteria",NA,NA
"ASV653",5,1,"Actinomycetota","Actinomycetaceae","F0332"
"ASV654",5,1,"Bacillota","Selenomonadaceae","Selenomonas"
"ASV657",5,1,"Bacillota","Peptostreptococcaceae","Proteocatella"
"ASV658",5,1,"Pseudomonadota","Aeromonadaceae","Aeromonas"
"ASV659",5,1,"Pseudomonadota","Alcaligenaceae","Alcaligenes"
"ASV660",5,1,"Bacillota","Family XI","Anaerosphaera"
"ASV661",5,1,"Bacillota","Peptococcaceae","Peptococcus"
"ASV662",5,1,"Actinomycetota","67-14",NA
"ASV663",5,1,"Bacillota","Paenibacillaceae","Ammoniibacillus"
"ASV664",5,1,"Pseudomonadota","Lysobacteraceae","Lysobacter"
"ASV665",5,1,"Bacillota","Lachnospiraceae","Catonella"
"ASV666",4,1,"Bacillota","Oscillospiraceae",NA
"ASV667",4,1,"Bacillota","Lachnospiraceae","Lachnospiraceae FCS020 group"
"ASV668",4,1,"Bacillota","Anaerovoracaceae","Family XIII UCG-001"
"ASV669",4,1,"Bacteroidota","Barnesiellaceae","Coprobacter"
"ASV670",4,1,"Bacillota","Lachnospiraceae","Lachnospiraceae UCG-010"
"ASV671",4,1,"Bacillota","Christensenellaceae","Christensenellaceae R-7 group"
"ASV672",4,1,"Bacteroidota","Tannerellaceae","Tannerella"
"ASV673",4,2,"Bacillota","Lachnospiraceae","Tyzzerella"
"ASV674",4,1,"Bacillota","Peptostreptococcaceae","Filifactor"
"ASV676",4,1,"Myxococcota","Myxococcaceae","Archangium"
"ASV677",4,1,"Bacillota","Peptostreptococcaceae","Peptoanaerobacter"
"ASV678",4,1,"Campylobacterota","Arcobacteraceae","Arcobacter"
"ASV679",4,1,"Pseudomonadota","Cellvibrionaceae","Cellvibrio"
"ASV680",4,1,"Pseudomonadota","Alcaligenaceae","Paenalcaligenes"
"ASV681",4,1,"Spirochaetota","Spirochaetaceae","Treponema"
"ASV682",4,1,"Bacteroidota","Flavobacteriaceae","Capnocytophaga"
"ASV683",4,1,"Thermoproteota","Nitrososphaeraceae","Candidatus Nitrosocosmicus"
"ASV684",4,1,"Bacteroidota","Marinifilaceae","Odoribacter"
"ASV685",4,1,"Bacillota","Clostridiaceae","Hathewaya"
"ASV686",4,1,"Bacillota","Clostridiaceae","Sarcina"
"ASV687",4,1,"Bacillota","Streptococcaceae","Streptococcus"
"ASV688",4,1,"Bacteroidota","Porphyromonadaceae","Porphyromonas"
"ASV689",4,1,"Pseudomonadota","Sphingomonadaceae","Croceibacterium"
"ASV690",4,1,"Bacillota","[Eubacterium] coprostanoligenes group",NA
"ASV691",4,1,"Bacillota","[Eubacterium] coprostanoligenes group",NA
"ASV692",4,1,"Actinomycetota",NA,NA
"ASV693",4,1,"Pseudomonadota","Lysobacteraceae","Pseudoxanthomonas"
"ASV694",4,1,"Actinomycetota",NA,NA
"ASV695",4,1,"Bacteroidota","Porphyromonadaceae",NA
"ASV696",4,1,"Deinococcota","Trueperaceae","Truepera"
"ASV697",4,1,"Chloroflexota","Caldilineaceae",NA
"ASV698",3,1,"Bacteroidota","Prevotellaceae","Prevotella"
"ASV699",3,1,"Bacillota","Christensenellaceae",NA
"ASV700",3,1,"Bacillota","Anaerovoracaceae",NA
"ASV701",3,1,"Bacillota","Erysipelotrichaceae","Turicibacter"
"ASV704",3,1,"Verrucomicrobiota","Rubritaleaceae","Luteolibacter"
"ASV705",3,1,"Bacillota","Family XI","Helcococcus"
"ASV706",3,1,"Bacteroidota","Hymenobacteraceae","Adhaeribacter"
"ASV707",3,1,"Bacillota","Oscillospiraceae","Fastidiosipila"
"ASV708",3,1,"Pseudomonadota","Reyranellaceae","Reyranella"
"ASV709",3,1,"Bacteroidota","Porphyromonadaceae","Porphyromonas"
"ASV711",3,1,"Thermodesulfobacteriota","Desulfomicrobiaceae","Desulfomicrobium"
"ASV713",3,1,"Pseudomonadota","Succinivibrionaceae","Anaerobiospirillum"
"ASV714",3,1,"Chloroflexota",NA,NA
"ASV715",3,1,"Bacteroidota","Flavobacteriaceae","Capnocytophaga"
"ASV717",3,1,"Bacillota","Erysipelotrichaceae","Erysipelotrichaceae UCG-006"
"ASV718",3,1,"Bacillota","Lachnospiraceae","Shuttleworthia"
"ASV719",3,1,"Bacillota","Anaerovoracaceae","[Eubacterium] saphenum group"
"ASV720",3,1,"Bacillota","Family XI",NA
"ASV722",3,1,"Bacteroidota","Rikenellaceae","Rikenella"
"ASV723",3,1,"Verrucomicrobiota","Chthoniobacteraceae","Candidatus Udaeobacter"
"ASV724",3,1,"Campylobacterota","Helicobacteraceae","Helicobacter"
"ASV725",3,1,"Bacillota","Lachnospiraceae","Epulopiscium"
"ASV726",3,1,"Actinomycetota","Corynebacteriaceae","Corynebacterium"
"ASV727",3,1,"Bacillota","Anaerovoracaceae","Family XIII UCG-001"
"ASV729",3,1,"Planctomycetota","Rubinisphaeraceae","SH-PL14"
"ASV730",3,1,"Rhodothermota","Rhodothermaceae","Rubrivirga"
"ASV732",3,1,"Bacillota",NA,NA
"ASV734",3,1,"Verrucomicrobiota","Chthoniobacteraceae","Chthoniobacter"
"ASV735",3,1,"Myxococcota","Sandaracinaceae",NA
"ASV736",3,1,"Verrucomicrobiota","Pedosphaeraceae",NA
"ASV737",3,1,"Bacillota","Anaerovoracaceae","S5-A14a"
"ASV738",3,1,"Spirochaetota","Spirochaetaceae","Treponema"
"ASV739",3,1,"Chloroflexota",NA,NA
"ASV740",2,1,"Bacillota","Anaerovoracaceae","Mogibacterium"
"ASV741",2,1,"Bacillota",NA,NA
"ASV743",2,1,"Bacillota","Erysipelotrichaceae",NA
"ASV744",2,1,"Abditibacteriota","Abditibacteriaceae","Abditibacterium"
"ASV745",2,1,"Pseudomonadota","Acetobacteraceae","Acidiphilium"
"ASV746",2,1,"Bacillota",NA,NA
"ASV747",2,1,"Pseudomonadota","Legionellaceae","Legionella"
"ASV748",2,1,"Thermodesulfobacteriota","Desulfomicrobiaceae","Desulfoplanes"
"ASV750",2,1,"Bacillota","Family XI","Tissierella"
"ASV751",2,1,"Patescibacteria",NA,NA
"ASV752",2,1,"Bacillota","Oscillospiraceae","Mageeibacillus"
"ASV753",2,1,"Bacillota","Incertae Sedis","Hydrogenispora"
"ASV754",2,1,"Bacillota","Lachnospiraceae","[Eubacterium] eligens group"
"ASV755",2,1,"Verrucomicrobiota","Pedosphaeraceae","Ellin516"
"ASV756",2,1,"Bacillota","Oscillospiraceae","Fastidiosipila"
"ASV757",2,1,"Pseudomonadota",NA,NA
"ASV758",2,1,"Bacillota","[Eubacterium] coprostanoligenes group",NA
"ASV759",2,1,"Planctomycetota",NA,NA
"ASV760",2,1,"Bacillota","Lachnospiraceae","Howardella"
"ASV764",2,1,"Bacteroidota","Muribaculaceae",NA
"ASV765",2,1,"Pseudomonadota","Geminicoccaceae","Candidatus Alysiosphaera"
"ASV766",2,1,"Cyanobacteriota",NA,NA
"ASV767",2,1,"Bdellovibrionota","Bacteriovoracaceae","Peredibacter"
"ASV768",2,1,"Bacillota",NA,NA
"ASV770",2,1,"Bacillota","Oscillospiraceae","Fastidiosipila"
"ASV771",2,1,"Patescibacteria","Saccharimonadaceae","TM7x"
