"Observed","Shannon","Pielou","sample_id","body_site","subject","reported_antibiotic_usage","days_since_experiment_start"
52,2.64540872308705,0.669512920867559,"L1S105","gut","subject-1","No",140
59,2.62640543034622,0.644115588508362,"L1S140","gut","subject-2","Yes",0
76,3.03007957027027,0.699668931837288,"L1S208","gut","subject-2","No",84
72,3.22076310115931,0.753101367169697,"L1S257","gut","subject-2","No",140
66,3.11523673548101,0.743554523534379,"L1S281","gut","subject-2","No",168
64,2.89171266663832,0.69530992063915,"L1S57","gut","subject-1","No",84
57,2.52344420074546,0.624143507855395,"L1S76","gut","subject-1","No",112
37,2.10212253680006,0.582157387028693,"L1S8","gut","subject-1","Yes",0
91,3.40165084965243,0.754102592806993,"L2S155","left palm","subject-1","No",84
94,3.39741215046524,0.747785982041818,"L2S175","left palm","subject-1","No",112
75,2.76746717375584,0.640990108363981,"L2S204","left palm","subject-1","No",140
126,4.38056243451567,0.905770697158747,"L2S222","left palm","subject-1","No",168
41,2.58714148855334,0.696671948755086,"L2S240","left palm","subject-2","Yes",0
55,3.15328482806411,0.78687862533726,"L2S309","left palm","subject-2","No",84
49,3.02664381750968,0.777693620380939,"L2S357","left palm","subject-2","No",140
110,4.03805862882065,0.859073608350219,"L2S382","left palm","subject-2","No",168
37,2.85740321846288,0.791323227940799,"L3S294","right palm","subject-1","No",84
46,3.09302518750373,0.807864949258519,"L3S313","right palm","subject-1","No",112
30,2.4680826405415,0.725651105651314,"L3S378","right palm","subject-2","Yes",0
115,3.48893187987055,0.735296477480711,"L4S112","right palm","subject-2","No",140
120,3.74924761814523,0.783134012460252,"L4S137","right palm","subject-2","No",168
168,4.20230390138776,0.820127525931039,"L4S63","right palm","subject-2","No",84
24,2.36879776567933,0.745361121029213,"L5S104","tongue","subject-1","Yes",0
21,2.1533479558958,0.707285953689995,"L5S155","tongue","subject-1","No",84
28,2.32956856021763,0.699107318624675,"L5S174","tongue","subject-1","No",112
28,2.54778860693305,0.764595510015406,"L5S203","tongue","subject-1","No",140
26,2.30449570776322,0.707313512926984,"L5S222","tongue","subject-1","No",168
23,2.32860352187743,0.742659166790198,"L5S240","tongue","subject-2","Yes",0
40,2.11138806455421,0.572365698260899,"L6S20","tongue","subject-2","No",84
36,2.35930664150433,0.658377053958249,"L6S68","tongue","subject-2","No",140
44,2.95445616448734,0.780736815619942,"L6S93","tongue","subject-2","No",168
