"PD","SR","sample_id","body_site","subject"
4.89561726422351,52,"L1S105","gut","subject-1"
4.7646471450087,59,"L1S140","gut","subject-2"
5.59075927931841,76,"L1S208","gut","subject-2"
5.79184666802397,72,"L1S257","gut","subject-2"
5.11406580271985,66,"L1S281","gut","subject-2"
4.61609975257683,64,"L1S57","gut","subject-1"
4.78108754983297,57,"L1S76","gut","subject-1"
3.30836049403091,37,"L1S8","gut","subject-1"
9.31853698176738,91,"L2S155","left palm","subject-1"
9.51845916815051,94,"L2S175","left palm","subject-1"
8.94694939502243,75,"L2S204","left palm","subject-1"
12.0597894890553,126,"L2S222","left palm","subject-1"
4.88857853224403,41,"L2S240","left palm","subject-2"
7.0518702642328,55,"L2S309","left palm","subject-2"
5.70135758580602,49,"L2S357","left palm","subject-2"
9.85951991612619,110,"L2S382","left palm","subject-2"
4.75644826536786,37,"L3S294","right palm","subject-1"
5.6165633292972,46,"L3S313","right palm","subject-1"
3.12050112195282,30,"L3S378","right palm","subject-2"
10.7332506954516,115,"L4S112","right palm","subject-2"
10.1871324119576,120,"L4S137","right palm","subject-2"
14.2234963483485,168,"L4S63","right palm","subject-2"
3.21557012932285,24,"L5S104","tongue","subject-1"
2.78872338556652,21,"L5S155","tongue","subject-1"
3.7275502061643,28,"L5S174","tongue","subject-1"
3.7607239456737,28,"L5S203","tongue","subject-1"
3.6003121335901,26,"L5S222","tongue","subject-1"
3.18475452242917,23,"L5S240","tongue","subject-2"
4.74072867402496,40,"L6S20","tongue","subject-2"
4.27036914740365,36,"L6S68","tongue","subject-2"
4.47702540695489,44,"L6S93","tongue","subject-2"
