"","gut","left palm","right palm","tongue"
"Other",32.7,35,34.6,11
"Bacteroides",56.2,0.7,15,0.2
"Streptococcus",0.1,13.2,9.2,14.7
"Neisseria",0,5.4,2.3,22.1
"Haemophilus",0,4.8,2.4,19.3
"Corynebacterium",0,9.6,9.4,0
"Pseudomonas",0,9.2,7.1,0
"Fusobacterium",0.1,4.4,1.5,9.9
"Prevotella",0.1,1.7,0.6,12.2
"Staphylococcus",0,6.1,7.5,0
"Faecalibacterium",7.4,0.3,2.1,0
"Veillonella",0,1.6,0.8,6.9
"Acinetobacter",0,3.3,3.5,0
"Lawsonella",0,3.5,3.2,0
"Rothia",0,1.1,0.6,3.6
"Lachnospiraceae (unclassified)",3.4,0,0.2,0
