"taxon","lfc","se","q","diff","passed_ss","significant"
"Genus:Corynebacterium",4.24757618764921,0.251634770244675,1.19032382241773e-07,TRUE,TRUE,TRUE
"Genus:Haemophilus",-2.15728389452766,0.255457714164083,8.77274081671029e-06,TRUE,TRUE,TRUE
"Genus:Veillonella",-1.77675882622937,0.260623279387135,0.000350592581804598,TRUE,TRUE,TRUE
"Genus:Prevotella",-2.33154225631587,0.3987933482068,0.00372960587642431,TRUE,TRUE,TRUE
"Genus:Capnocytophaga",1.82454184740003,0.217855665545368,0.00781488729658409,TRUE,FALSE,FALSE
"Genus:Fusobacterium",-1.53400886590605,0.325428345104211,0.0151720888702965,TRUE,TRUE,TRUE
"Genus:Bergeyella",1.1122584399238,0.1905994552426,0.0280446006811311,TRUE,FALSE,FALSE
"Genus:Neisseria",-1.80018256112411,0.412207895211337,0.0333999748089057,TRUE,TRUE,TRUE
"Genus:Lautropia",1.77480233199646,0.312910773905405,0.0338530638897037,TRUE,FALSE,FALSE
"Genus:Rothia",-1.35900283145034,0.326613124947998,0.0583673223884008,FALSE,FALSE,FALSE
"Genus:Parvimonas",1.25706606526077,0.312886654947699,0.15943427475802,FALSE,FALSE,FALSE
"Genus:Campylobacter",-1.13184081100944,0.29601366720593,0.179399027316369,FALSE,FALSE,FALSE
"Family:Carnobacteriaceae",-0.932261785984417,0.240911225709086,0.206922533637393,FALSE,FALSE,FALSE
"Genus:Schaalia",-1.02169001448173,0.267623415424061,0.695609533541687,FALSE,FALSE,FALSE
"Genus:Bacteroides",0.829109678681911,0.305669218655552,1,FALSE,TRUE,FALSE
"Genus:Streptococcus",-0.252945954984791,0.274299364578849,1,FALSE,TRUE,FALSE
"Genus:Staphylococcus",NA,NA,1,FALSE,FALSE,FALSE
"Genus:Pseudomonas",NA,NA,1,FALSE,FALSE,FALSE
"Genus:Faecalibacterium",NA,NA,1,FALSE,FALSE,FALSE
"Genus:Phascolarctobacterium",NA,NA,1,FALSE,TRUE,FALSE
"Genus:Lawsonella",NA,NA,1,FALSE,FALSE,FALSE
"Family:Comamonadaceae",NA,NA,1,FALSE,TRUE,FALSE
"Genus:Peptoniphilus",NA,NA,1,FALSE,FALSE,FALSE
"Genus:Acinetobacter",NA,NA,1,FALSE,FALSE,FALSE
"Genus:Finegoldia",NA,NA,1,FALSE,FALSE,FALSE
"Genus:Anaerococcus",NA,NA,1,FALSE,FALSE,FALSE
"Genus:Oceanivirga",NA,NA,1,FALSE,FALSE,FALSE
"Genus:Gemella",0.367471786552759,0.288890295947015,1,FALSE,TRUE,FALSE
"Genus:Lactococcus",NA,NA,1,FALSE,FALSE,FALSE
"Family:Prevotellaceae",0.37290209900859,0.486158109614094,1,FALSE,TRUE,FALSE
"Genus:Flectobacillus",NA,NA,1,FALSE,TRUE,FALSE
"Genus:Hoylesella",-0.916594183632541,0.313353828854623,1,FALSE,FALSE,FALSE
"Genus:Blautia",NA,NA,1,FALSE,FALSE,FALSE
"Genus:Frederiksenia",NA,NA,1,FALSE,FALSE,FALSE
"Genus:Cutibacterium",NA,NA,1,FALSE,FALSE,FALSE
"Genus:Oribacterium",-0.606958389008055,0.212792715269901,1,FALSE,FALSE,FALSE
"Genus:Lactobacillus",NA,NA,1,FALSE,FALSE,FALSE
"Genus:Lachnoanaerobaculum",-0.502280375426778,0.182620877280525,1,FALSE,FALSE,FALSE
"Genus:Pseudoleptotrichia",-0.533093296569047,0.250797331326793,1,FALSE,FALSE,FALSE
"Genus:Canicola",NA,NA,1,FALSE,FALSE,FALSE
"Genus:Moraxella",NA,NA,1,FALSE,FALSE,FALSE
"Genus:Brevundimonas",NA,NA,1,FALSE,FALSE,FALSE
"Genus:Sphingomonas",NA,NA,1,FALSE,FALSE,FALSE
"Genus:Janthinobacterium",NA,NA,1,FALSE,FALSE,FALSE
"Genus:Arcticibacter",NA,NA,1,FALSE,FALSE,FALSE
"Genus:Segatella",0.273204980547858,0.274440997108518,1,FALSE,TRUE,FALSE
"Genus:Enhydrobacter",NA,NA,1,FALSE,FALSE,FALSE
"Genus:Psychrobacter",NA,NA,1,FALSE,TRUE,FALSE
"Genus:Porphyromonas",0.205747835572372,0.292942006302723,1,FALSE,TRUE,FALSE
"Genus:Megamonas",NA,NA,1,FALSE,FALSE,FALSE
"Genus:Massilia",NA,NA,1,FALSE,FALSE,FALSE
"Phylum:Pseudomonadota",NA,NA,1,FALSE,FALSE,FALSE
"Genus:Flavobacterium",NA,NA,1,FALSE,FALSE,FALSE
"Genus:Dolosigranulum",NA,NA,1,FALSE,FALSE,FALSE
"Genus:Gibbsiella",NA,NA,1,FALSE,FALSE,FALSE
"Genus:Ezakiella",NA,NA,1,FALSE,FALSE,FALSE
"Family:Sphingobacteriaceae",NA,NA,1,FALSE,TRUE,FALSE
"Genus:Murdochiella",NA,NA,1,FALSE,FALSE,FALSE
"Genus:Aggregatibacter",0.787209613847979,0.165076610015804,1,FALSE,TRUE,FALSE
"Genus:Granulicatella",NA,NA,1,FALSE,FALSE,FALSE
"Genus:F0058",NA,NA,1,FALSE,TRUE,FALSE
"Genus:Alloprevotella",2.19887977146156,0.171374411580656,1,FALSE,TRUE,FALSE
"Genus:Chryseobacterium",NA,NA,1,FALSE,FALSE,FALSE
"Genus:Conchiformibius",NA,NA,1,FALSE,TRUE,FALSE
"Genus:Selenomonas",NA,NA,1,FALSE,TRUE,FALSE
"Genus:Abiotrophia",NA,NA,1,FALSE,TRUE,FALSE
"Genus:Intrasporangium",NA,NA,1,FALSE,TRUE,FALSE
"Genus:Latilactobacillus",NA,NA,1,FALSE,FALSE,FALSE
"Genus:Peptoclostridium",NA,NA,1,FALSE,FALSE,FALSE
"Genus:Stomatobaculum",-0.16864950431422,0.180589752108802,1,FALSE,FALSE,FALSE
"Genus:Solobacterium",-0.619859876478485,0.183939733716245,1,FALSE,FALSE,FALSE
"Genus:Mannheimia",NA,NA,1,FALSE,TRUE,FALSE
"Genus:Methylobacterium",NA,NA,1,FALSE,FALSE,FALSE
"Genus:Rhodococcus",NA,NA,1,FALSE,FALSE,FALSE
"Family:Paracoccaceae",NA,NA,1,FALSE,FALSE,FALSE
"Genus:Ligilactobacillus",NA,NA,1,FALSE,FALSE,FALSE
"Genus:Micrococcus",NA,NA,1,FALSE,TRUE,FALSE
"Genus:Tannerella",1.86045208939716,0.192685032586301,1,FALSE,TRUE,FALSE
"Genus:Leptotrichia",1.52416885644188,0.169543741303931,1,FALSE,TRUE,FALSE
"Genus:Acidovorax",NA,NA,1,FALSE,TRUE,FALSE
"Genus:Clostridium",NA,NA,1,FALSE,FALSE,FALSE
"Genus:Rubellimicrobium",NA,NA,1,FALSE,FALSE,FALSE
"Genus:Dialister",NA,NA,1,FALSE,TRUE,FALSE
"Genus:[Eubacterium]",NA,NA,1,FALSE,FALSE,FALSE
"Order:Pseudomonadales",NA,NA,1,FALSE,TRUE,FALSE
"Family:Veillonellaceae",-0.24538898008434,0.190351731569391,1,FALSE,TRUE,FALSE
"Genus:Fenollaria",NA,NA,1,FALSE,FALSE,FALSE
"Genus:Cardiobacterium",NA,NA,1,FALSE,TRUE,FALSE
"Order:Clostridia UCG-014",0.326125024380265,0.215349001985762,1,FALSE,TRUE,FALSE
"Genus:Catenibacterium",NA,NA,1,FALSE,FALSE,FALSE
"Genus:[Eubacterium] yurii group",NA,NA,1,FALSE,TRUE,FALSE
"Genus:Blastococcus",NA,NA,1,FALSE,TRUE,FALSE
"Genus:[Eubacterium] sulci group",0.492988206418274,0.169435123232021,1,FALSE,TRUE,FALSE
"Family:Sphingomonadaceae",NA,NA,1,FALSE,TRUE,FALSE
"Genus:Paracoccus",NA,NA,1,FALSE,TRUE,FALSE
"Genus:Pedobacter",NA,NA,1,FALSE,FALSE,FALSE
"Genus:Lancefieldella",0.467824912371816,0.177297705326819,1,FALSE,TRUE,FALSE
"Genus:Treponema",NA,NA,1,FALSE,TRUE,FALSE
"Genus:[Eubacterium] brachy group",NA,NA,1,FALSE,TRUE,FALSE
"Family:Flavobacteriaceae",NA,NA,1,FALSE,TRUE,FALSE
"Genus:Pseudoprevotella",NA,NA,1,FALSE,TRUE,FALSE
"Genus:Oligella",NA,NA,1,FALSE,TRUE,FALSE
"Genus:Mogibacterium",0.557644375362841,0.205162208850571,1,FALSE,TRUE,FALSE
"Genus:Weissella",NA,NA,1,FALSE,FALSE,FALSE
"Genus:Lactovum",NA,NA,1,FALSE,TRUE,FALSE
"Genus:Deinococcus",NA,NA,1,FALSE,TRUE,FALSE
"Genus:Nocardioides",NA,NA,1,FALSE,TRUE,FALSE
"Genus:Adhaeribacter",NA,NA,1,FALSE,TRUE,FALSE
"Genus:Mycoplasmopsis",NA,NA,1,FALSE,FALSE,FALSE
"Genus:Tumebacillus",NA,NA,1,FALSE,FALSE,FALSE
"Genus:Defluviitaleaceae UCG-011",NA,NA,1,FALSE,TRUE,FALSE
"Genus:Prevotellaceae Ga6A1 group",NA,NA,1,FALSE,TRUE,FALSE
"Family:Neisseriaceae",NA,NA,1,FALSE,FALSE,FALSE
"Genus:Holdemanella",NA,NA,1,FALSE,TRUE,FALSE
"Family:Lachnospiraceae",NA,NA,1,FALSE,TRUE,FALSE
"Order:Absconditabacteriales (SR1)",NA,NA,1,FALSE,TRUE,FALSE
"Genus:Peptococcus",-0.635787193733577,0.163061450692811,1,FALSE,TRUE,FALSE
"Order:JGI 0000069-P22",NA,NA,1,FALSE,FALSE,FALSE
"Genus:Fastidiosipila",NA,NA,1,FALSE,TRUE,FALSE
